molecule_chembl_id,pchembl_value,activity_class
CHEMBL10026,6.1,Intermediate
CHEMBL100615,4.48,Inactive
CHEMBL10072,5.48,Intermediate
CHEMBL100749,8.719999999999999,Active
CHEMBL101323,7.43,Active
CHEMBL10137,6.21,Intermediate
CHEMBL101540,9.0,Active
CHEMBL101595,5.52,Intermediate
CHEMBL101743,6.92,Active
CHEMBL101893,4.6,Inactive
CHEMBL101947,5.96,Intermediate
CHEMBL102409,6.52,Active
CHEMBL102536,6.775,Active
CHEMBL102884,6.51,Active
CHEMBL102981,5.68,Intermediate
CHEMBL103040,6.265,Intermediate
CHEMBL103685,4.89,Inactive
CHEMBL104,8.74,Active
CHEMBL104047,7.05,Active
CHEMBL104126,5.01,Intermediate
CHEMBL104566,5.7,Intermediate
CHEMBL105044,5.5,Intermediate
CHEMBL105289,5.64,Intermediate
CHEMBL105298,6.565,Active
CHEMBL106,4.66,Inactive
CHEMBL1077603,6.776666666666666,Active
CHEMBL1077603,7.0,Active
CHEMBL1078534,6.293333333333334,Intermediate
CHEMBL1078534,6.678,Active
CHEMBL1079595,5.64,Intermediate
CHEMBL1079595,7.0,Active
CHEMBL1082760,6.41,Intermediate
CHEMBL1083353,8.4,Active
CHEMBL1083354,5.1,Intermediate
CHEMBL1083652,6.82,Active
CHEMBL1083653,7.93,Active
CHEMBL1083663,7.28,Active
CHEMBL1083664,5.72,Intermediate
CHEMBL1083665,7.78,Active
CHEMBL1083970,7.0,Active
CHEMBL1083971,7.77,Active
CHEMBL108425,9.54,Active
CHEMBL108483,9.09,Active
CHEMBL1085936,8.25,Active
CHEMBL108646,7.92,Active
CHEMBL109211,6.56,Active
CHEMBL109211,7.32,Active
CHEMBL1093458,5.215,Intermediate
CHEMBL109347,5.5,Intermediate
CHEMBL1094149,7.76,Active
CHEMBL1094154,8.22,Active
CHEMBL1094331,7.86,Active
CHEMBL1094426,7.14,Active
CHEMBL1094427,7.07,Active
CHEMBL1094428,6.99,Active
CHEMBL1095413,6.6,Active
CHEMBL1096024,5.46,Intermediate
CHEMBL1096024,7.06,Active
CHEMBL1096439,8.16,Active
CHEMBL1096744,6.68,Active
CHEMBL1097041,7.89,Active
CHEMBL1097042,7.7,Active
CHEMBL1097043,7.5,Active
CHEMBL1097371,8.7,Active
CHEMBL1097763,7.76,Active
CHEMBL1097764,7.26,Active
CHEMBL1097980,8.06,Active
CHEMBL1098382,9.0,Active
CHEMBL1098424,6.8,Active
CHEMBL1098425,6.8,Active
CHEMBL1098426,6.7,Active
CHEMBL1098737,6.96,Active
CHEMBL1099308,8.15,Active
CHEMBL110524,5.025,Intermediate
CHEMBL111868,7.11,Active
CHEMBL111888,7.29,Active
CHEMBL112021,7.27,Active
CHEMBL112074,6.69,Active
CHEMBL112292,5.025,Intermediate
CHEMBL112509,4.890000000000001,Inactive
CHEMBL112532,8.15,Active
CHEMBL112908,4.7,Inactive
CHEMBL113082,7.51,Active
CHEMBL113082,8.0,Active
CHEMBL113121,6.75,Active
CHEMBL113121,7.43,Active
CHEMBL113242,6.24,Intermediate
CHEMBL113637,7.24,Active
CHEMBL113647,5.1,Intermediate
CHEMBL113739,6.73,Active
CHEMBL113739,7.18,Active
CHEMBL114447,5.82,Intermediate
CHEMBL115899,5.45,Intermediate
CHEMBL1162951,4.92,Inactive
CHEMBL1165711,4.39,Inactive
CHEMBL116794,5.06,Intermediate
CHEMBL117,6.676,Active
CHEMBL117,5.58,Intermediate
CHEMBL1170662,6.12,Intermediate
CHEMBL1170663,5.63,Intermediate
CHEMBL1170678,7.19,Active
CHEMBL1170893,7.42,Active
CHEMBL1171091,5.07,Intermediate
CHEMBL1171628,5.13,Intermediate
CHEMBL1171680,5.96,Intermediate
CHEMBL1171818,5.555,Intermediate
CHEMBL1171987,5.55,Intermediate
CHEMBL1171991,4.3,Inactive
CHEMBL1172396,5.49,Intermediate
CHEMBL1172400,5.54,Intermediate
CHEMBL1172402,5.33,Intermediate
CHEMBL1172779,5.61,Intermediate
CHEMBL1172842,4.31,Inactive
CHEMBL1172847,5.02,Intermediate
CHEMBL1172882,6.18,Intermediate
CHEMBL1172937,4.84,Inactive
CHEMBL1173065,4.79,Inactive
CHEMBL1173067,5.45,Intermediate
CHEMBL1173129,4.66,Inactive
CHEMBL1173130,5.07,Intermediate
CHEMBL1173131,5.08,Intermediate
CHEMBL1173259,4.92,Inactive
CHEMBL1173260,5.675000000000001,Intermediate
CHEMBL1173326,5.3,Intermediate
CHEMBL1173327,4.61,Inactive
CHEMBL1173335,5.24,Intermediate
CHEMBL1173573,5.51,Intermediate
CHEMBL1173641,4.95,Inactive
CHEMBL1173699,6.125,Intermediate
CHEMBL1173700,6.01,Intermediate
CHEMBL118266,8.4,Active
CHEMBL1191848,5.27,Intermediate
CHEMBL1195457,6.8,Active
CHEMBL1200374,7.159999999999999,Active
CHEMBL1200374,8.196666666666667,Active
CHEMBL1203757,7.75,Active
CHEMBL1203760,7.68,Active
CHEMBL1203762,8.7,Active
CHEMBL1203766,8.12,Active
CHEMBL1215664,5.51,Intermediate
CHEMBL1215665,4.61,Inactive
CHEMBL1230438,6.05,Intermediate
CHEMBL123494,5.39,Intermediate
CHEMBL124118,4.03,Inactive
CHEMBL124230,4.64,Inactive
CHEMBL129795,5.42,Intermediate
CHEMBL129795,5.55,Intermediate
CHEMBL129883,6.31,Intermediate
CHEMBL1303900,6.76,Active
CHEMBL130546,6.61,Active
CHEMBL131414,6.1,Intermediate
CHEMBL131921,6.23,Intermediate
CHEMBL131921,4.92,Inactive
CHEMBL131984,5.25,Intermediate
CHEMBL132066,5.05,Intermediate
CHEMBL132072,6.92,Active
CHEMBL132380,4.26,Inactive
CHEMBL132530,6.444166666666668,Intermediate
CHEMBL132530,7.596666666666667,Active
CHEMBL132563,6.63,Active
CHEMBL132929,7.73,Active
CHEMBL133026,6.84,Active
CHEMBL133079,6.7,Active
CHEMBL133081,4.62,Inactive
CHEMBL133082,5.8,Intermediate
CHEMBL133145,7.12,Active
CHEMBL133198,7.54,Active
CHEMBL133240,6.47,Intermediate
CHEMBL133724,5.88,Intermediate
CHEMBL134169,4.46,Inactive
CHEMBL134442,6.36,Intermediate
CHEMBL134509,5.04,Intermediate
CHEMBL135037,5.05,Intermediate
CHEMBL135063,8.08,Active
CHEMBL135070,5.42,Intermediate
CHEMBL135095,5.77,Intermediate
CHEMBL135115,6.82,Active
CHEMBL1351273,7.2,Active
CHEMBL135172,7.95,Active
CHEMBL135340,6.82,Active
CHEMBL135378,7.75,Active
CHEMBL135381,8.19,Active
CHEMBL135396,5.35,Intermediate
CHEMBL135494,7.9,Active
CHEMBL135540,6.17,Intermediate
CHEMBL135563,8.03,Active
CHEMBL135595,7.97,Active
CHEMBL135606,7.4,Active
CHEMBL135633,6.49,Intermediate
CHEMBL135709,6.5,Active
CHEMBL135921,7.55,Active
CHEMBL137001,7.96,Active
CHEMBL137002,7.18,Active
CHEMBL137049,7.3,Active
CHEMBL1371590,6.7,Active
CHEMBL137373,7.4,Active
CHEMBL137396,7.3,Active
CHEMBL137589,7.52,Active
CHEMBL137604,8.03,Active
CHEMBL13784,7.22,Active
CHEMBL138538,6.64,Active
CHEMBL1389987,4.97,Inactive
CHEMBL1397,5.08,Intermediate
CHEMBL1399,7.8925,Active
CHEMBL1399,9.89,Active
CHEMBL1405,4.58,Inactive
CHEMBL1405,5.6,Intermediate
CHEMBL14192,6.82,Active
CHEMBL1424243,4.64,Inactive
CHEMBL1444,8.07,Active
CHEMBL1444,9.68,Active
CHEMBL1454842,6.1,Intermediate
CHEMBL1485809,7.78,Active
CHEMBL148903,4.845000000000001,Inactive
CHEMBL149238,4.95,Inactive
CHEMBL149238,6.1,Intermediate
CHEMBL149750,5.5,Intermediate
CHEMBL149791,4.6,Inactive
CHEMBL150146,5.11,Intermediate
CHEMBL150278,6.5,Active
CHEMBL150653,5.45,Intermediate
CHEMBL150681,5.26,Intermediate
CHEMBL150799,4.85,Inactive
CHEMBL150999,4.73,Inactive
CHEMBL151,5.92,Intermediate
CHEMBL151037,5.71,Intermediate
CHEMBL151038,6.32,Intermediate
CHEMBL151207,6.44,Intermediate
CHEMBL151212,4.975,Inactive
CHEMBL151212,6.0,Intermediate
CHEMBL151449,5.79,Intermediate
CHEMBL151646,5.07,Intermediate
CHEMBL151691,4.9,Inactive
CHEMBL151691,5.76,Intermediate
CHEMBL1521315,6.0,Intermediate
CHEMBL152237,7.14,Active
CHEMBL1538978,5.6,Intermediate
CHEMBL154104,7.39,Active
CHEMBL154918,7.19,Active
CHEMBL15594,4.55,Inactive
CHEMBL1571,4.46,Inactive
CHEMBL157101,5.866666666666666,Intermediate
CHEMBL157101,5.663333333333334,Intermediate
CHEMBL157925,5.43,Intermediate
CHEMBL158325,4.01,Inactive
CHEMBL158326,4.35,Inactive
CHEMBL158397,4.89,Inactive
CHEMBL158600,5.4,Intermediate
CHEMBL158635,6.26,Intermediate
CHEMBL158984,7.0,Active
CHEMBL159073,7.400000000000001,Active
CHEMBL1601919,6.05,Intermediate
CHEMBL1601919,7.2,Active
CHEMBL161230,6.62,Active
CHEMBL161530,5.68,Intermediate
CHEMBL162431,5.74,Intermediate
CHEMBL162496,7.82,Active
CHEMBL162549,6.71,Active
CHEMBL162585,8.7,Active
CHEMBL1627334,4.11,Inactive
CHEMBL1627334,7.0,Active
CHEMBL1627337,4.06,Inactive
CHEMBL1628064,4.05,Inactive
CHEMBL1628064,7.0,Active
CHEMBL162834,7.85,Active
CHEMBL1629800,6.65,Active
CHEMBL1629800,7.3,Active
CHEMBL1629801,4.52,Inactive
CHEMBL1629802,6.81,Active
CHEMBL1629802,7.42,Active
CHEMBL1629803,5.19,Intermediate
CHEMBL1629804,7.25,Active
CHEMBL1629804,7.829999999999999,Active
CHEMBL1629805,6.816666666666666,Active
CHEMBL1629805,8.01,Active
CHEMBL1629806,6.72,Active
CHEMBL1629806,7.8,Active
CHEMBL1630260,5.82,Intermediate
CHEMBL1630261,7.3,Active
CHEMBL1630261,8.22,Active
CHEMBL1630262,5.75,Intermediate
CHEMBL1630263,6.19,Intermediate
CHEMBL1630263,7.16,Active
CHEMBL1630264,6.18,Intermediate
CHEMBL1630264,7.22,Active
CHEMBL1630265,5.44,Intermediate
CHEMBL1630266,5.9,Intermediate
CHEMBL1630266,6.6,Active
CHEMBL1630267,6.03,Intermediate
CHEMBL1630267,6.96,Active
CHEMBL1630268,6.55,Active
CHEMBL1630269,6.16,Intermediate
CHEMBL1630270,6.0,Intermediate
CHEMBL1630271,4.96,Inactive
CHEMBL1630272,6.07,Intermediate
CHEMBL1630273,5.17,Intermediate
CHEMBL1630273,6.1,Intermediate
CHEMBL1630274,7.51,Active
CHEMBL1630274,8.47,Active
CHEMBL1630276,5.75,Intermediate
CHEMBL1630277,5.35,Intermediate
CHEMBL1630278,5.26,Intermediate
CHEMBL1630279,5.62,Intermediate
CHEMBL1630280,6.17,Intermediate
CHEMBL1630280,6.83,Active
CHEMBL1630909,5.73,Intermediate
CHEMBL1630910,6.18,Intermediate
CHEMBL1630911,5.16,Intermediate
CHEMBL1630911,6.0,Intermediate
CHEMBL163420,7.03,Active
CHEMBL163922,5.43,Intermediate
CHEMBL164,5.0,Intermediate
CHEMBL1642686,5.38,Intermediate
CHEMBL164543,7.3,Active
CHEMBL164993,7.38,Active
CHEMBL165,4.38,Inactive
CHEMBL165106,7.3,Active
CHEMBL165218,6.06,Intermediate
CHEMBL165342,5.13,Intermediate
CHEMBL165925,5.0,Intermediate
CHEMBL1672974,10.0,Active
CHEMBL1672975,10.3,Active
CHEMBL1672976,9.68,Active
CHEMBL1672977,9.82,Active
CHEMBL1672978,10.82,Active
CHEMBL1672979,10.74,Active
CHEMBL1672980,10.82,Active
CHEMBL1672981,9.33,Active
CHEMBL1672982,9.12,Active
CHEMBL16782,5.17,Intermediate
CHEMBL168434,6.58,Active
CHEMBL168444,4.57,Inactive
CHEMBL168636,5.04,Intermediate
CHEMBL1688890,6.89,Active
CHEMBL1688891,6.95,Active
CHEMBL1688892,6.63,Active
CHEMBL1688893,6.94,Active
CHEMBL1688894,6.68,Active
CHEMBL1688895,6.85,Active
CHEMBL1688896,6.57,Active
CHEMBL1688897,6.75,Active
CHEMBL1688898,6.9,Active
CHEMBL1688899,6.32,Intermediate
CHEMBL1688900,6.77,Active
CHEMBL1688901,6.78,Active
CHEMBL1688902,7.14,Active
CHEMBL1688903,7.14,Active
CHEMBL1688904,6.54,Active
CHEMBL1688905,6.16,Intermediate
CHEMBL1688906,6.95,Active
CHEMBL1688907,6.79,Active
CHEMBL1688908,6.53,Active
CHEMBL1688909,7.09,Active
CHEMBL1688910,7.16,Active
CHEMBL1688911,7.33,Active
CHEMBL1688912,6.98,Active
CHEMBL1688913,5.43,Intermediate
CHEMBL1688914,6.34,Intermediate
CHEMBL1688915,7.17,Active
CHEMBL1688916,6.5,Active
CHEMBL1688917,6.27,Intermediate
CHEMBL1688918,5.4,Intermediate
CHEMBL1688919,6.5,Active
CHEMBL1689257,4.51,Inactive
CHEMBL1689258,4.49,Inactive
CHEMBL1689259,4.57,Inactive
CHEMBL169,4.5,Inactive
CHEMBL169086,5.96,Intermediate
CHEMBL169251,6.77,Active
CHEMBL172263,5.5,Intermediate
CHEMBL1728910,5.3,Intermediate
CHEMBL174308,6.7,Active
CHEMBL174407,6.38,Intermediate
CHEMBL174407,7.3,Active
CHEMBL174579,7.0,Active
CHEMBL174909,7.206666666666667,Active
CHEMBL174909,8.82,Active
CHEMBL175091,7.82,Active
CHEMBL175144,6.92,Active
CHEMBL175550,5.41,Intermediate
CHEMBL175554,5.26,Intermediate
CHEMBL175609,5.43,Intermediate
CHEMBL175688,7.41,Active
CHEMBL175791,5.01,Intermediate
CHEMBL175799,5.7,Intermediate
CHEMBL175962,5.17,Intermediate
CHEMBL175979,6.1,Intermediate
CHEMBL176009,4.9,Inactive
CHEMBL176076,6.75,Active
CHEMBL176098,5.4,Intermediate
CHEMBL176101,5.25,Intermediate
CHEMBL176118,5.13,Intermediate
CHEMBL176287,6.89,Active
CHEMBL176452,6.1066666666666665,Intermediate
CHEMBL176539,5.7,Intermediate
CHEMBL176609,5.37,Intermediate
CHEMBL176886,5.12,Intermediate
CHEMBL177274,6.09,Intermediate
CHEMBL177293,7.57,Active
CHEMBL177413,6.01,Intermediate
CHEMBL177468,6.02,Intermediate
CHEMBL177692,6.48,Intermediate
CHEMBL177921,6.92,Active
CHEMBL178036,6.89,Active
CHEMBL1783176,7.44,Active
CHEMBL1783177,7.5,Active
CHEMBL1783178,6.949999999999999,Active
CHEMBL1784788,6.36,Intermediate
CHEMBL1784789,6.92,Active
CHEMBL1784790,4.66,Inactive
CHEMBL1784791,7.23,Active
CHEMBL1784792,5.24,Intermediate
CHEMBL1784793,6.0,Intermediate
CHEMBL1784794,4.97,Inactive
CHEMBL1784796,5.46,Intermediate
CHEMBL1784797,5.51,Intermediate
CHEMBL1784798,6.61,Active
CHEMBL1784800,5.51,Intermediate
CHEMBL1784801,8.04,Active
CHEMBL1784803,6.3,Intermediate
CHEMBL1784804,7.1,Active
CHEMBL1784805,7.18,Active
CHEMBL1784806,6.12,Intermediate
CHEMBL1784807,7.21,Active
CHEMBL1784808,6.36,Intermediate
CHEMBL1784809,7.0,Active
CHEMBL1784810,4.88,Inactive
CHEMBL1784811,7.46,Active
CHEMBL1784812,7.33,Active
CHEMBL1784813,6.3,Intermediate
CHEMBL179144,6.1,Intermediate
CHEMBL179149,4.89,Inactive
CHEMBL179222,5.4350000000000005,Intermediate
CHEMBL179247,7.7,Active
CHEMBL1824742,5.33,Intermediate
CHEMBL1824743,5.29,Intermediate
CHEMBL1824744,4.97,Inactive
CHEMBL1824745,4.79,Inactive
CHEMBL1824746,4.71,Inactive
CHEMBL1824747,4.99,Inactive
CHEMBL1824748,4.96,Inactive
CHEMBL1824749,4.79,Inactive
CHEMBL1824750,5.33,Intermediate
CHEMBL1824751,5.11,Intermediate
CHEMBL1824752,4.96,Inactive
CHEMBL1824753,4.92,Inactive
CHEMBL1824754,4.88,Inactive
CHEMBL1824755,5.34,Intermediate
CHEMBL1824756,4.96,Inactive
CHEMBL1824757,4.83,Inactive
CHEMBL1824758,4.71,Inactive
CHEMBL1824759,4.87,Inactive
CHEMBL1824760,4.86,Inactive
CHEMBL1824761,4.89,Inactive
CHEMBL1824762,4.5,Inactive
CHEMBL1824763,4.87,Inactive
CHEMBL1824764,4.79,Inactive
CHEMBL1824765,4.93,Inactive
CHEMBL1824766,4.57,Inactive
CHEMBL1824767,4.82,Inactive
CHEMBL1824768,4.81,Inactive
CHEMBL1824769,7.0,Active
CHEMBL1825017,4.91,Inactive
CHEMBL1825018,4.92,Inactive
CHEMBL1825019,4.79,Inactive
CHEMBL1825020,6.82,Active
CHEMBL1825021,5.39,Intermediate
CHEMBL1825022,4.1,Inactive
CHEMBL1825023,4.92,Inactive
CHEMBL1825024,5.96,Intermediate
CHEMBL1825025,5.36,Intermediate
CHEMBL1825026,5.28,Intermediate
CHEMBL1825027,5.51,Intermediate
CHEMBL1825028,5.1,Intermediate
CHEMBL1825029,4.97,Inactive
CHEMBL1825030,5.47,Intermediate
CHEMBL1825031,5.21,Intermediate
CHEMBL1825032,5.41,Intermediate
CHEMBL1825033,5.04,Intermediate
CHEMBL1825034,5.25,Intermediate
CHEMBL1825035,5.38,Intermediate
CHEMBL1825036,5.63,Intermediate
CHEMBL1825037,4.94,Inactive
CHEMBL1825038,4.9,Inactive
CHEMBL1825039,5.13,Intermediate
CHEMBL1825040,5.02,Intermediate
CHEMBL1825041,5.19,Intermediate
CHEMBL1825042,5.1,Intermediate
CHEMBL1825043,5.01,Intermediate
CHEMBL1825044,5.3,Intermediate
CHEMBL1825045,5.87,Intermediate
CHEMBL1825046,5.56,Intermediate
CHEMBL1825047,5.64,Intermediate
CHEMBL1825048,4.76,Inactive
CHEMBL1825049,4.97,Inactive
CHEMBL1835539,4.58,Inactive
CHEMBL1835542,4.82,Inactive
CHEMBL1835547,4.96,Inactive
CHEMBL184051,5.52,Intermediate
CHEMBL184051,5.94,Intermediate
CHEMBL184749,6.21,Intermediate
CHEMBL184952,4.5,Inactive
CHEMBL185,6.2,Intermediate
CHEMBL185165,5.85,Intermediate
CHEMBL185809,5.8,Intermediate
CHEMBL185809,6.05,Intermediate
CHEMBL185819,5.04,Intermediate
CHEMBL185950,6.55,Active
CHEMBL185950,6.51,Active
CHEMBL186079,6.28,Intermediate
CHEMBL187068,6.66,Active
CHEMBL187068,6.58,Active
CHEMBL187185,6.37,Intermediate
CHEMBL188664,6.68,Active
CHEMBL188664,6.66,Active
CHEMBL189051,5.62,Intermediate
CHEMBL189051,7.0,Active
CHEMBL189274,5.33,Intermediate
CHEMBL189274,5.36,Intermediate
CHEMBL189472,5.7,Intermediate
CHEMBL189472,5.74,Intermediate
CHEMBL190099,4.75,Inactive
CHEMBL1915151,4.35,Inactive
CHEMBL1915152,4.19,Inactive
CHEMBL1915156,4.2,Inactive
CHEMBL1915159,4.17,Inactive
CHEMBL1915161,4.23,Inactive
CHEMBL1915167,4.33,Inactive
CHEMBL1915176,4.14,Inactive
CHEMBL1915401,4.24,Inactive
CHEMBL1915403,4.98,Inactive
CHEMBL192077,5.77,Intermediate
CHEMBL192155,5.36,Intermediate
CHEMBL192306,6.11,Intermediate
CHEMBL192306,6.17,Intermediate
CHEMBL193343,5.18,Intermediate
CHEMBL1933690,6.1,Intermediate
CHEMBL1933692,6.0,Intermediate
CHEMBL1933693,7.0,Active
CHEMBL1933694,7.21,Active
CHEMBL1933699,7.1,Active
CHEMBL1933700,7.3,Active
CHEMBL1933701,6.6,Active
CHEMBL193496,6.0,Intermediate
CHEMBL193555,5.39,Intermediate
CHEMBL193606,5.18,Intermediate
CHEMBL193652,5.39,Intermediate
CHEMBL193858,5.55,Intermediate
CHEMBL1939366,6.66,Active
CHEMBL1939552,4.58,Inactive
CHEMBL193997,5.59,Intermediate
CHEMBL194440,5.11,Intermediate
CHEMBL194472,6.89,Active
CHEMBL194641,6.65,Active
CHEMBL194641,7.3,Active
CHEMBL194928,5.32,Intermediate
CHEMBL195248,5.13,Intermediate
CHEMBL195354,5.32,Intermediate
CHEMBL1955869,7.03,Active
CHEMBL1956171,6.54,Active
CHEMBL1956175,6.01,Intermediate
CHEMBL1956179,6.52,Active
CHEMBL1956180,6.64,Active
CHEMBL1956183,6.28,Intermediate
CHEMBL1956186,7.23,Active
CHEMBL1956188,6.94,Active
CHEMBL195688,5.43,Intermediate
CHEMBL1957208,5.17,Intermediate
CHEMBL1957208,5.94,Intermediate
CHEMBL1957209,4.83,Inactive
CHEMBL1957209,5.27,Intermediate
CHEMBL1957210,4.75,Inactive
CHEMBL1957210,4.9,Inactive
CHEMBL1957211,5.62,Intermediate
CHEMBL1957211,6.63,Active
CHEMBL1957212,5.1,Intermediate
CHEMBL1957212,5.76,Intermediate
CHEMBL1957213,4.75,Inactive
CHEMBL1957213,4.82,Inactive
CHEMBL1957214,8.4,Active
CHEMBL1957214,10.22,Active
CHEMBL1957215,4.95,Inactive
CHEMBL1957215,5.59,Intermediate
CHEMBL1957216,6.79,Active
CHEMBL1957216,8.09,Active
CHEMBL1957217,7.64,Active
CHEMBL1957217,9.19,Active
CHEMBL1957218,7.11,Active
CHEMBL1957218,8.5,Active
CHEMBL1957219,5.57,Intermediate
CHEMBL1957219,6.54,Active
CHEMBL1957220,5.13,Intermediate
CHEMBL1957220,5.83,Intermediate
CHEMBL1957221,5.98,Intermediate
CHEMBL1957221,7.08,Active
CHEMBL1957222,5.87,Intermediate
CHEMBL1957222,7.0,Active
CHEMBL1957223,6.23,Intermediate
CHEMBL1957223,7.45,Active
CHEMBL195996,5.55,Intermediate
CHEMBL196328,5.04,Intermediate
CHEMBL197451,5.73,Intermediate
CHEMBL197451,6.18,Intermediate
CHEMBL197576,5.74,Intermediate
CHEMBL197650,8.98,Active
CHEMBL198291,8.146666666666667,Active
CHEMBL1991089,4.02,Inactive
CHEMBL199334,6.22,Intermediate
CHEMBL1997104,6.93,Active
CHEMBL1997442,7.0,Active
CHEMBL2003274,5.28,Intermediate
CHEMBL2011171,4.54,Inactive
CHEMBL2011172,4.36,Inactive
CHEMBL2011173,4.75,Inactive
CHEMBL2011174,4.7,Inactive
CHEMBL2011175,4.39,Inactive
CHEMBL2011176,4.7,Inactive
CHEMBL2011177,5.195,Intermediate
CHEMBL2011180,6.58,Active
CHEMBL2011181,4.01,Inactive
CHEMBL2011182,4.0,Inactive
CHEMBL2011183,4.62,Inactive
CHEMBL2011184,4.96,Inactive
CHEMBL2011185,4.52,Inactive
CHEMBL2011186,4.800000000000001,Inactive
CHEMBL2011187,4.5,Inactive
CHEMBL2011188,5.29,Intermediate
CHEMBL2011189,4.54,Inactive
CHEMBL2011190,4.21,Inactive
CHEMBL201831,7.0,Active
CHEMBL202020,6.8,Active
CHEMBL202030,6.64,Active
CHEMBL202065,6.89,Active
CHEMBL202226,8.475,Active
CHEMBL202231,7.22,Active
CHEMBL202452,5.35,Intermediate
CHEMBL202469,6.04,Intermediate
CHEMBL202470,5.4,Intermediate
CHEMBL202471,5.57,Intermediate
CHEMBL202473,6.36,Intermediate
CHEMBL202474,6.52,Active
CHEMBL202612,7.9866666666666655,Active
CHEMBL203869,5.55,Intermediate
CHEMBL203981,7.58,Active
CHEMBL204039,7.739999999999999,Active
CHEMBL204183,6.33,Intermediate
CHEMBL204184,5.6,Intermediate
CHEMBL204483,7.53,Active
CHEMBL204501,5.92,Intermediate
CHEMBL204502,6.02,Intermediate
CHEMBL205177,7.71,Active
CHEMBL2051951,4.72,Inactive
CHEMBL205503,5.82,Intermediate
CHEMBL2057976,5.64,Intermediate
CHEMBL2058266,5.7525,Intermediate
CHEMBL2058266,7.07,Active
CHEMBL2058267,5.76,Intermediate
CHEMBL2058267,5.02,Intermediate
CHEMBL2058268,5.94,Intermediate
CHEMBL205881,5.39,Intermediate
CHEMBL206070,5.45,Intermediate
CHEMBL206283,5.22,Intermediate
CHEMBL206351,6.09,Intermediate
CHEMBL206550,5.75,Intermediate
CHEMBL209047,5.39,Intermediate
CHEMBL209073,6.58,Active
CHEMBL2096872,5.0,Intermediate
CHEMBL2096873,5.55,Intermediate
CHEMBL209731,7.16,Active
CHEMBL2105261,6.625,Active
CHEMBL2105261,8.143333333333333,Active
CHEMBL2111801,5.52,Intermediate
CHEMBL2111917,6.16,Intermediate
CHEMBL2111917,7.22,Active
CHEMBL211207,6.47,Intermediate
CHEMBL2112309,4.58,Inactive
CHEMBL2112738,4.96,Inactive
CHEMBL2112739,6.0,Intermediate
CHEMBL2112739,7.05,Active
CHEMBL2113268,6.12,Intermediate
CHEMBL2113269,7.07,Active
CHEMBL2113272,7.66,Active
CHEMBL2113524,5.57,Intermediate
CHEMBL2113619,5.43,Intermediate
CHEMBL212168,6.33,Intermediate
CHEMBL212473,7.1,Active
CHEMBL212741,4.61,Inactive
CHEMBL213587,7.15,Active
CHEMBL213588,7.35,Active
CHEMBL214932,6.51,Active
CHEMBL2163639,6.64,Active
CHEMBL2163641,7.77,Active
CHEMBL2163646,7.37,Active
CHEMBL2165313,5.51,Intermediate
CHEMBL2165314,6.35,Intermediate
CHEMBL2165315,7.31,Active
CHEMBL2165316,6.31,Intermediate
CHEMBL2165317,7.32,Active
CHEMBL2165318,6.79,Active
CHEMBL2165319,7.66,Active
CHEMBL2165320,7.46,Active
CHEMBL2165321,7.96,Active
CHEMBL2165322,5.54,Intermediate
CHEMBL2165323,6.41,Intermediate
CHEMBL2165324,6.02,Intermediate
CHEMBL2165325,6.56,Active
CHEMBL2179107,5.745,Intermediate
CHEMBL2179108,5.495,Intermediate
CHEMBL2179109,6.95,Active
CHEMBL2179110,7.925,Active
CHEMBL2179111,7.08,Active
CHEMBL2179112,6.74,Active
CHEMBL2179113,5.66,Intermediate
CHEMBL220774,6.54,Active
CHEMBL220792,5.62,Intermediate
CHEMBL220793,6.48,Intermediate
CHEMBL220829,5.23,Intermediate
CHEMBL220885,5.24,Intermediate
CHEMBL220886,6.43,Intermediate
CHEMBL222189,5.93,Intermediate
CHEMBL222250,6.09,Intermediate
CHEMBL222260,5.63,Intermediate
CHEMBL223108,5.67,Intermediate
CHEMBL223109,6.4,Intermediate
CHEMBL223161,5.66,Intermediate
CHEMBL223162,6.58,Active
CHEMBL223176,6.84,Active
CHEMBL223368,6.48,Intermediate
CHEMBL223369,5.11,Intermediate
CHEMBL223421,5.13,Intermediate
CHEMBL223452,6.54,Active
CHEMBL223554,7.23,Active
CHEMBL223555,7.02,Active
CHEMBL2235950,6.26,Intermediate
CHEMBL2235951,5.87,Intermediate
CHEMBL2235952,5.96,Intermediate
CHEMBL2235953,6.16,Intermediate
CHEMBL223607,5.43,Intermediate
CHEMBL223874,7.13,Active
CHEMBL223929,4.5,Inactive
CHEMBL223983,4.5,Inactive
CHEMBL224037,6.33,Intermediate
CHEMBL224228,6.543333333333333,Active
CHEMBL224391,7.74,Active
CHEMBL224462,7.03,Active
CHEMBL224600,5.95,Intermediate
CHEMBL224649,6.17,Intermediate
CHEMBL224665,8.64,Active
CHEMBL224786,5.29,Intermediate
CHEMBL224787,6.97,Active
CHEMBL224789,7.67,Active
CHEMBL224790,8.24,Active
CHEMBL22485,5.38,Intermediate
CHEMBL225053,7.43,Active
CHEMBL225079,6.96,Active
CHEMBL225128,7.02,Active
CHEMBL225178,6.12,Intermediate
CHEMBL225360,6.83,Active
CHEMBL225378,6.06,Intermediate
CHEMBL225447,5.546666666666667,Intermediate
CHEMBL225472,6.55,Active
CHEMBL225499,6.82,Active
CHEMBL225550,7.21,Active
CHEMBL226736,7.38,Active
CHEMBL226737,7.57,Active
CHEMBL226738,8.54,Active
CHEMBL226789,8.6,Active
CHEMBL226790,9.48,Active
CHEMBL226791,8.55,Active
CHEMBL226841,7.62,Active
CHEMBL226842,9.06,Active
CHEMBL226843,8.12,Active
CHEMBL226891,6.8,Active
CHEMBL226892,9.11,Active
CHEMBL226893,8.41,Active
CHEMBL226947,9.3,Active
CHEMBL226999,9.4,Active
CHEMBL2282047,4.92,Inactive
CHEMBL2282050,5.36,Intermediate
CHEMBL2282053,5.04,Intermediate
CHEMBL228985,4.54,Inactive
CHEMBL229094,4.26,Inactive
CHEMBL229635,5.43,Intermediate
CHEMBL229789,5.39,Intermediate
CHEMBL229790,4.6,Inactive
CHEMBL229906,5.33,Intermediate
CHEMBL229908,5.73,Intermediate
CHEMBL2299368,6.1,Intermediate
CHEMBL2299369,5.26,Intermediate
CHEMBL229945,4.86,Inactive
CHEMBL23097,6.64,Active
CHEMBL2311178,6.35,Intermediate
CHEMBL2311553,5.67,Intermediate
CHEMBL2312949,6.25,Intermediate
CHEMBL2312950,5.82,Intermediate
CHEMBL2312951,6.05,Intermediate
CHEMBL2312952,7.13,Active
CHEMBL2312953,6.98,Active
CHEMBL2312954,6.06,Intermediate
CHEMBL2312955,7.09,Active
CHEMBL2312956,7.23,Active
CHEMBL2312957,6.836666666666666,Active
CHEMBL2312958,7.13,Active
CHEMBL2312959,6.94,Active
CHEMBL2312960,7.72,Active
CHEMBL2312961,7.26,Active
CHEMBL2312962,7.5,Active
CHEMBL2312963,6.61,Active
CHEMBL2312965,5.48,Intermediate
CHEMBL2312968,5.67,Intermediate
CHEMBL2312969,5.44,Intermediate
CHEMBL2312971,5.87,Intermediate
CHEMBL2312972,6.85,Active
CHEMBL23148,6.23,Intermediate
CHEMBL23150,4.6,Inactive
CHEMBL2331704,4.95,Inactive
CHEMBL2333326,6.32,Intermediate
CHEMBL2333327,6.34,Intermediate
CHEMBL2333328,6.52,Active
CHEMBL2333329,5.96,Intermediate
CHEMBL2333330,5.71,Intermediate
CHEMBL2333331,6.4,Intermediate
CHEMBL2333332,6.08,Intermediate
CHEMBL2333333,6.24,Intermediate
CHEMBL2333334,6.25,Intermediate
CHEMBL2333335,6.58,Active
CHEMBL2333336,6.77,Active
CHEMBL2333337,5.19,Intermediate
CHEMBL23334,5.166666666666667,Intermediate
CHEMBL23364,6.28,Intermediate
CHEMBL23365,5.37,Intermediate
CHEMBL2336847,8.21,Active
CHEMBL2336848,7.31,Active
CHEMBL2336849,7.59,Active
CHEMBL2336850,7.33,Active
CHEMBL2336851,7.24,Active
CHEMBL2336852,6.95,Active
CHEMBL2336853,6.69,Active
CHEMBL2336854,6.63,Active
CHEMBL2336855,6.66,Active
CHEMBL2336856,8.04,Active
CHEMBL2336857,6.83,Active
CHEMBL2336858,7.11,Active
CHEMBL2336859,8.31,Active
CHEMBL2336860,7.78,Active
CHEMBL2336861,7.67,Active
CHEMBL2336862,6.79,Active
CHEMBL2336863,6.86,Active
CHEMBL2336864,7.25,Active
CHEMBL2336865,7.57,Active
CHEMBL23394,5.89,Intermediate
CHEMBL23484,4.77,Inactive
CHEMBL23485,6.0,Intermediate
CHEMBL23646,6.62,Active
CHEMBL2386284,6.755,Active
CHEMBL2386286,5.03,Intermediate
CHEMBL24014,5.72,Intermediate
CHEMBL24021,6.58,Active
CHEMBL24037,6.29,Intermediate
CHEMBL24115,5.260000000000001,Intermediate
CHEMBL241993,7.0,Active
CHEMBL24233,5.92,Intermediate
CHEMBL242454,6.4,Intermediate
CHEMBL24279,5.03,Intermediate
CHEMBL2430098,5.13,Intermediate
CHEMBL2430196,5.58,Intermediate
CHEMBL2430197,5.5,Intermediate
CHEMBL2430497,4.9,Inactive
CHEMBL2430498,5.75,Intermediate
CHEMBL2430499,5.34,Intermediate
CHEMBL2430501,5.57,Intermediate
CHEMBL2430505,4.9,Inactive
CHEMBL2430506,5.03,Intermediate
CHEMBL2430507,5.47,Intermediate
CHEMBL2430508,5.89,Intermediate
CHEMBL2430509,5.1,Intermediate
CHEMBL2430510,5.1,Intermediate
CHEMBL2430511,5.54,Intermediate
CHEMBL2430512,5.47,Intermediate
CHEMBL2431524,4.54,Inactive
CHEMBL2431525,4.33,Inactive
CHEMBL2431526,5.41,Intermediate
CHEMBL2431527,4.96,Inactive
CHEMBL243755,7.59,Active
CHEMBL243756,7.75,Active
CHEMBL24387,5.96,Intermediate
CHEMBL243960,6.58,Active
CHEMBL243961,8.28,Active
CHEMBL2440145,6.04,Intermediate
CHEMBL24410,6.5,Active
CHEMBL2442754,5.38,Intermediate
CHEMBL2442756,7.94,Active
CHEMBL2442757,6.34,Intermediate
CHEMBL2442758,8.28,Active
CHEMBL2442759,8.22,Active
CHEMBL2442760,8.51,Active
CHEMBL2442762,7.88,Active
CHEMBL2442764,5.21,Intermediate
CHEMBL2442765,5.83,Intermediate
CHEMBL2442766,6.23,Intermediate
CHEMBL2442772,5.67,Intermediate
CHEMBL2443348,7.7,Active
CHEMBL2443350,6.48,Intermediate
CHEMBL2443351,6.77,Active
CHEMBL2443353,6.96,Active
CHEMBL2443354,7.05,Active
CHEMBL2443356,6.8,Active
CHEMBL244795,6.25,Intermediate
CHEMBL24580,5.96,Intermediate
CHEMBL24593,5.62,Intermediate
CHEMBL24897,5.4,Intermediate
CHEMBL252642,6.074999999999999,Intermediate
CHEMBL253570,4.96,Inactive
CHEMBL255108,5.81,Intermediate
CHEMBL255110,5.47,Intermediate
CHEMBL25588,6.46,Intermediate
CHEMBL256407,5.46,Intermediate
CHEMBL256665,6.2,Intermediate
CHEMBL25695,6.41,Intermediate
CHEMBL25700,5.72,Intermediate
CHEMBL25735,5.89,Intermediate
CHEMBL258257,5.86,Intermediate
CHEMBL260553,5.23,Intermediate
CHEMBL26093,8.15,Active
CHEMBL26207,5.11,Intermediate
CHEMBL26208,6.56,Active
CHEMBL262723,5.75,Intermediate
CHEMBL26279,5.47,Intermediate
CHEMBL26543,5.7,Intermediate
CHEMBL266297,7.06,Active
CHEMBL266350,7.12,Active
CHEMBL26651,7.1575,Active
CHEMBL266788,5.85,Intermediate
CHEMBL267433,7.21,Active
CHEMBL267476,4.32,Inactive
CHEMBL267668,6.85,Active
CHEMBL269590,6.76,Active
CHEMBL270283,5.97,Intermediate
CHEMBL270915,6.16,Intermediate
CHEMBL270917,6.6,Active
CHEMBL271129,6.16,Intermediate
CHEMBL271794,6.92,Active
CHEMBL272339,4.97,Inactive
CHEMBL272398,5.96,Intermediate
CHEMBL272456,4.78,Inactive
CHEMBL272464,4.76,Inactive
CHEMBL27386,6.0,Intermediate
CHEMBL274318,4.7625,Inactive
CHEMBL274387,5.23,Intermediate
CHEMBL27467,7.525,Active
CHEMBL274826,6.26,Intermediate
CHEMBL274878,6.21,Intermediate
CHEMBL27546,7.01,Active
CHEMBL275594,5.22,Intermediate
CHEMBL275638,5.806666666666668,Intermediate
CHEMBL27591,7.51,Active
CHEMBL276473,4.51,Inactive
CHEMBL276915,6.64,Active
CHEMBL27698,6.96,Active
CHEMBL27769,6.234999999999999,Intermediate
CHEMBL27797,5.21,Intermediate
CHEMBL27879,6.65,Active
CHEMBL279940,6.12,Intermediate
CHEMBL28,5.702,Intermediate
CHEMBL281433,9.0,Active
CHEMBL281947,7.158,Active
CHEMBL282079,5.4,Intermediate
CHEMBL282325,6.75,Active
CHEMBL282525,5.24,Intermediate
CHEMBL282573,4.8,Inactive
CHEMBL28290,6.62,Active
CHEMBL283085,6.39,Intermediate
CHEMBL283196,6.43,Intermediate
CHEMBL283671,7.11,Active
CHEMBL283782,4.85,Inactive
CHEMBL284636,5.71,Intermediate
CHEMBL28465,5.27,Intermediate
CHEMBL284934,4.66,Inactive
CHEMBL285155,5.24,Intermediate
CHEMBL285193,7.16,Active
CHEMBL285809,6.44,Intermediate
CHEMBL28637,7.18,Active
CHEMBL286506,7.21,Active
CHEMBL28668,5.52,Intermediate
CHEMBL28669,5.52,Intermediate
CHEMBL28696,6.28,Intermediate
CHEMBL286965,5.78,Intermediate
CHEMBL287393,6.0,Intermediate
CHEMBL28753,5.94,Intermediate
CHEMBL287647,5.96,Intermediate
CHEMBL287677,5.782499999999999,Intermediate
CHEMBL287950,7.05,Active
CHEMBL287967,6.77,Active
CHEMBL28800,6.57,Active
CHEMBL288190,6.46,Intermediate
CHEMBL288242,5.46,Intermediate
CHEMBL288695,6.96,Active
CHEMBL288712,5.6,Intermediate
CHEMBL288804,7.2,Active
CHEMBL289116,4.883333333333333,Inactive
CHEMBL28971,5.39,Intermediate
CHEMBL289766,5.62,Intermediate
CHEMBL289945,7.26,Active
CHEMBL290309,5.36,Intermediate
CHEMBL291279,5.0,Intermediate
CHEMBL291646,6.7,Active
CHEMBL291700,6.36,Intermediate
CHEMBL29230,6.4,Intermediate
CHEMBL292899,6.42,Intermediate
CHEMBL293122,6.3,Intermediate
CHEMBL29338,5.77,Intermediate
CHEMBL29400,6.46,Intermediate
CHEMBL294357,5.52,Intermediate
CHEMBL294360,5.66,Intermediate
CHEMBL29482,8.316,Active
CHEMBL294878,8.7,Active
CHEMBL29521,6.22,Intermediate
CHEMBL29523,5.85,Intermediate
CHEMBL296411,4.87,Inactive
CHEMBL296617,6.03,Intermediate
CHEMBL29669,7.26,Active
CHEMBL298172,6.76,Active
CHEMBL29864,4.96,Inactive
CHEMBL298720,5.565,Intermediate
CHEMBL29901,7.09,Active
CHEMBL29904,7.15,Active
CHEMBL299066,5.51,Intermediate
CHEMBL29952,5.92,Intermediate
CHEMBL299613,4.7,Inactive
CHEMBL29997,6.0,Intermediate
CHEMBL300109,6.8,Active
CHEMBL30043,6.71,Active
CHEMBL30047,5.53,Intermediate
CHEMBL30081,5.38,Intermediate
CHEMBL300814,8.06,Active
CHEMBL300921,7.16,Active
CHEMBL301106,6.46,Intermediate
CHEMBL302249,4.38,Inactive
CHEMBL302305,4.96,Inactive
CHEMBL302530,4.22,Inactive
CHEMBL302741,4.25,Inactive
CHEMBL304222,6.48,Intermediate
CHEMBL304305,9.64,Active
CHEMBL304515,7.99,Active
CHEMBL304583,7.18,Active
CHEMBL304770,9.59,Active
CHEMBL304788,6.06,Intermediate
CHEMBL304903,6.53,Active
CHEMBL305205,10.31,Active
CHEMBL305220,7.89,Active
CHEMBL305483,5.92,Intermediate
CHEMBL305630,8.05,Active
CHEMBL306022,8.48,Active
CHEMBL307006,7.36,Active
CHEMBL307160,6.010000000000001,Intermediate
CHEMBL307581,9.92,Active
CHEMBL307690,9.49,Active
CHEMBL307893,6.22,Intermediate
CHEMBL3084923,4.4,Inactive
CHEMBL3084924,4.97,Inactive
CHEMBL3085491,6.460000000000001,Intermediate
CHEMBL308829,4.21,Inactive
CHEMBL309113,5.92,Intermediate
CHEMBL309490,4.0,Inactive
CHEMBL309656,5.4,Intermediate
CHEMBL3099683,5.96,Intermediate
CHEMBL3099686,7.3,Active
CHEMBL3099695,5.696666666666666,Intermediate
CHEMBL3099734,5.52,Intermediate
CHEMBL3099735,6.19,Intermediate
CHEMBL3105517,4.82,Inactive
CHEMBL3105519,4.62,Inactive
CHEMBL3105520,4.46,Inactive
CHEMBL3105521,4.48,Inactive
CHEMBL3105522,4.7,Inactive
CHEMBL3105526,5.6,Intermediate
CHEMBL3105527,4.17,Inactive
CHEMBL3105528,6.1,Intermediate
CHEMBL311077,4.42,Inactive
CHEMBL311400,4.38,Inactive
CHEMBL31224,8.296666666666665,Active
CHEMBL312960,4.68,Inactive
CHEMBL3132924,4.07,Inactive
CHEMBL3134107,5.48,Intermediate
CHEMBL3134109,7.4,Active
CHEMBL3134110,6.0,Intermediate
CHEMBL3134111,4.97,Inactive
CHEMBL3134112,7.05,Active
CHEMBL3134113,7.1,Active
CHEMBL3134114,6.82,Active
CHEMBL3134115,6.22,Intermediate
CHEMBL313774,5.52,Intermediate
CHEMBL314125,5.82,Intermediate
CHEMBL314351,4.51,Inactive
CHEMBL31456,7.88,Active
CHEMBL314991,4.52,Inactive
CHEMBL317221,4.79,Inactive
CHEMBL317581,7.52,Active
CHEMBL31760,8.893333333333333,Active
CHEMBL317935,4.89,Inactive
CHEMBL319108,8.05,Active
CHEMBL319961,7.92,Active
CHEMBL321729,6.26,Intermediate
CHEMBL3219070,7.84,Active
CHEMBL3219600,7.39,Active
CHEMBL3221175,5.28,Intermediate
CHEMBL322322,8.64,Active
CHEMBL323197,4.68,Inactive
CHEMBL323546,4.86,Inactive
CHEMBL323585,4.93,Inactive
CHEMBL324070,5.27,Intermediate
CHEMBL324290,6.37,Intermediate
CHEMBL324326,7.3,Active
CHEMBL3245348,7.24,Active
CHEMBL3245349,6.19,Intermediate
CHEMBL3245350,7.16,Active
CHEMBL3245353,7.21,Active
CHEMBL3245356,7.51,Active
CHEMBL3245357,6.8,Active
CHEMBL325346,7.41,Active
CHEMBL32571,4.04,Inactive
CHEMBL3264672,4.9,Inactive
CHEMBL3264675,4.9,Inactive
CHEMBL3264679,4.9,Inactive
CHEMBL3264681,4.9,Inactive
CHEMBL3264682,4.9,Inactive
CHEMBL3264684,4.9,Inactive
CHEMBL3264685,4.9,Inactive
CHEMBL328217,5.05,Intermediate
CHEMBL328546,4.4,Inactive
CHEMBL329500,8.3,Active
CHEMBL3315157,4.46,Inactive
CHEMBL3326515,5.85,Intermediate
CHEMBL3326516,6.195,Intermediate
CHEMBL3326517,7.68,Active
CHEMBL3326518,6.15,Intermediate
CHEMBL3326519,6.15,Intermediate
CHEMBL3326520,7.56,Active
CHEMBL3326521,6.445,Intermediate
CHEMBL3326522,6.83,Active
CHEMBL333185,5.06,Intermediate
CHEMBL334391,6.28,Intermediate
CHEMBL3349548,8.0,Active
CHEMBL3349549,6.86,Active
CHEMBL3349550,6.48,Intermediate
CHEMBL334958,6.7,Active
CHEMBL3349657,6.68,Active
CHEMBL3349658,7.4,Active
CHEMBL3349659,7.44,Active
CHEMBL334999,7.05,Active
CHEMBL335050,7.98,Active
CHEMBL335215,7.38,Active
CHEMBL335408,5.78,Intermediate
CHEMBL335836,7.08,Active
CHEMBL3359952,6.26,Intermediate
CHEMBL3359953,6.41,Intermediate
CHEMBL3359954,6.32,Intermediate
CHEMBL3359955,6.23,Intermediate
CHEMBL3359956,6.19,Intermediate
CHEMBL3359957,6.35,Intermediate
CHEMBL3359958,6.46,Intermediate
CHEMBL3359959,4.76,Inactive
CHEMBL3359960,5.35,Intermediate
CHEMBL3359961,5.23,Intermediate
CHEMBL3359962,5.43,Intermediate
CHEMBL3359963,5.34,Intermediate
CHEMBL3359964,5.08,Intermediate
CHEMBL3359965,4.5,Inactive
CHEMBL336102,5.4,Intermediate
CHEMBL336383,6.18,Intermediate
CHEMBL336387,6.72,Active
CHEMBL336616,7.03,Active
CHEMBL336638,7.300000000000001,Active
CHEMBL336708,7.21,Active
CHEMBL337251,4.52,Inactive
CHEMBL337750,6.19,Intermediate
CHEMBL3401050,5.0,Intermediate
CHEMBL3401429,5.6,Intermediate
CHEMBL3407536,6.175,Intermediate
CHEMBL3407537,6.01,Intermediate
CHEMBL3407538,6.8,Active
CHEMBL3407539,6.09,Intermediate
CHEMBL341386,8.06,Active
CHEMBL341591,5.15,Intermediate
CHEMBL3421764,6.35,Intermediate
CHEMBL3421765,6.84,Active
CHEMBL3421766,7.12,Active
CHEMBL3421767,6.86,Active
CHEMBL3421768,5.62,Intermediate
CHEMBL3421769,5.72,Intermediate
CHEMBL3421770,5.3,Intermediate
CHEMBL3421778,5.68,Intermediate
CHEMBL3421779,6.78,Active
CHEMBL3421780,5.81,Intermediate
CHEMBL3421785,6.89,Active
CHEMBL3421786,6.8,Active
CHEMBL3422028,7.35,Active
CHEMBL3422029,5.99,Intermediate
CHEMBL3422030,5.88,Intermediate
CHEMBL3422031,6.04,Intermediate
CHEMBL3422032,7.28,Active
CHEMBL3422033,7.32,Active
CHEMBL3422034,5.2,Intermediate
CHEMBL3422035,6.47,Intermediate
CHEMBL3422036,6.84,Active
CHEMBL3422037,6.58,Active
CHEMBL3422038,6.48,Intermediate
CHEMBL3422039,5.71,Intermediate
CHEMBL3422040,7.31,Active
CHEMBL3422041,7.77,Active
CHEMBL3422042,6.76,Active
CHEMBL3422043,6.15,Intermediate
CHEMBL3422045,6.31,Intermediate
CHEMBL3422046,4.52,Inactive
CHEMBL3422047,5.43,Intermediate
CHEMBL3422050,5.91,Intermediate
CHEMBL3422051,5.13,Intermediate
CHEMBL3422052,6.31,Intermediate
CHEMBL343072,7.7,Active
CHEMBL343273,5.75,Intermediate
CHEMBL344904,7.8,Active
CHEMBL346234,7.75,Active
CHEMBL346952,7.23,Active
CHEMBL348154,5.07,Intermediate
CHEMBL348263,6.57,Active
CHEMBL348913,7.84,Active
CHEMBL349704,7.92,Active
CHEMBL349822,6.9625,Active
CHEMBL349963,6.4,Intermediate
CHEMBL350074,7.66,Active
CHEMBL350713,6.48,Intermediate
CHEMBL350922,6.41,Intermediate
CHEMBL351167,5.96,Intermediate
CHEMBL351271,6.01,Intermediate
CHEMBL351526,6.57,Active
CHEMBL352645,6.22,Intermediate
CHEMBL353068,4.29,Inactive
CHEMBL353571,6.24,Intermediate
CHEMBL354401,5.306666666666667,Intermediate
CHEMBL355905,6.07,Intermediate
CHEMBL356594,4.8,Inactive
CHEMBL357775,4.890000000000001,Inactive
CHEMBL358214,6.11,Intermediate
CHEMBL3582472,5.35,Intermediate
CHEMBL3582477,5.9,Intermediate
CHEMBL3582478,5.99,Intermediate
CHEMBL3589964,4.9,Inactive
CHEMBL3589965,6.7,Active
CHEMBL3589966,5.75,Intermediate
CHEMBL359116,5.22,Intermediate
CHEMBL360026,6.19,Intermediate
CHEMBL361653,5.51,Intermediate
CHEMBL3621226,6.66,Active
CHEMBL362187,6.65,Active
CHEMBL3622054,9.55,Active
CHEMBL3622055,9.59,Active
CHEMBL3622056,9.38,Active
CHEMBL3622057,9.35,Active
CHEMBL3622058,9.29,Active
CHEMBL3622059,9.14,Active
CHEMBL3622060,7.82,Active
CHEMBL3622061,8.28,Active
CHEMBL3622062,6.406666666666666,Intermediate
CHEMBL3622063,8.313333333333333,Active
CHEMBL3622064,9.6,Active
CHEMBL3622065,8.57,Active
CHEMBL3622066,8.64,Active
CHEMBL3622067,8.4,Active
CHEMBL3622069,8.64,Active
CHEMBL3622070,8.46,Active
CHEMBL3622071,8.38,Active
CHEMBL3622072,8.3,Active
CHEMBL3622073,7.68,Active
CHEMBL3622074,7.01,Active
CHEMBL3622075,8.47,Active
CHEMBL3622076,8.26,Active
CHEMBL3622077,7.59,Active
CHEMBL3622363,6.68,Active
CHEMBL3622434,7.68,Active
CHEMBL3623208,6.38,Intermediate
CHEMBL3623209,6.6,Active
CHEMBL3623212,5.62,Intermediate
CHEMBL3623213,6.75,Active
CHEMBL3623214,6.793333333333333,Active
CHEMBL3623215,6.29,Intermediate
CHEMBL3623216,5.995,Intermediate
CHEMBL3623217,6.77,Active
CHEMBL3623218,6.005,Intermediate
CHEMBL3623219,6.32,Intermediate
CHEMBL3623220,4.51,Inactive
CHEMBL3623221,4.545,Inactive
CHEMBL3623222,4.36,Inactive
CHEMBL3623223,6.33,Intermediate
CHEMBL3623225,7.0,Active
CHEMBL3623226,6.72,Active
CHEMBL3623227,7.39,Active
CHEMBL3623228,4.92,Inactive
CHEMBL3623229,5.21,Intermediate
CHEMBL3623230,5.57,Intermediate
CHEMBL3623231,9.96,Active
CHEMBL3623232,9.7,Active
CHEMBL362968,6.225,Intermediate
CHEMBL363493,6.28,Intermediate
CHEMBL363621,5.45,Intermediate
CHEMBL363849,5.71,Intermediate
CHEMBL364326,5.44,Intermediate
CHEMBL365314,6.55,Active
CHEMBL365735,5.24,Intermediate
CHEMBL366669,6.01,Intermediate
CHEMBL366772,5.2,Intermediate
CHEMBL367149,4.48,Inactive
CHEMBL368631,6.586666666666667,Active
CHEMBL368732,5.1,Intermediate
CHEMBL369471,8.22,Active
CHEMBL369603,5.34,Intermediate
CHEMBL370317,5.4350000000000005,Intermediate
CHEMBL371663,6.25,Intermediate
CHEMBL372999,7.95,Active
CHEMBL373377,6.19,Intermediate
CHEMBL373427,6.24,Intermediate
CHEMBL374535,5.57,Intermediate
CHEMBL374651,6.64,Active
CHEMBL3747562,5.47,Intermediate
CHEMBL374934,7.32,Active
CHEMBL375043,7.96,Active
CHEMBL375046,6.775,Active
CHEMBL3751897,5.29,Intermediate
CHEMBL3751913,6.61,Active
CHEMBL3751945,4.93,Inactive
CHEMBL3751946,6.04,Intermediate
CHEMBL3751972,5.93,Intermediate
CHEMBL3751984,6.63,Active
CHEMBL3751987,5.0,Intermediate
CHEMBL3752011,6.6,Active
CHEMBL3752031,7.62,Active
CHEMBL3752038,5.6,Intermediate
CHEMBL3752050,5.72,Intermediate
CHEMBL3752073,7.92,Active
CHEMBL3752099,7.12,Active
CHEMBL3752149,5.64,Intermediate
CHEMBL3752155,7.14,Active
CHEMBL3752165,6.13,Intermediate
CHEMBL3752166,5.675000000000001,Intermediate
CHEMBL3752174,7.19,Active
CHEMBL3752191,5.0,Intermediate
CHEMBL3752192,6.36,Intermediate
CHEMBL3752208,5.65,Intermediate
CHEMBL3752216,5.71,Intermediate
CHEMBL3752221,7.83,Active
CHEMBL3752252,7.8,Active
CHEMBL3752276,8.47,Active
CHEMBL3752278,7.24,Active
CHEMBL3752280,6.275,Intermediate
CHEMBL3752285,5.19,Intermediate
CHEMBL3752288,6.3,Intermediate
CHEMBL3752315,6.81,Active
CHEMBL3752351,5.77,Intermediate
CHEMBL3752366,6.47,Intermediate
CHEMBL3752381,4.92,Inactive
CHEMBL3752402,7.0,Active
CHEMBL3752403,8.47,Active
CHEMBL3752405,6.5,Active
CHEMBL3752414,6.366666666666667,Intermediate
CHEMBL3752422,7.0,Active
CHEMBL3752440,7.8,Active
CHEMBL3752447,4.89,Inactive
CHEMBL3752460,6.44,Intermediate
CHEMBL3752480,6.7,Active
CHEMBL3752506,6.58,Active
CHEMBL3752556,7.0,Active
CHEMBL3752591,7.175,Active
CHEMBL3752618,5.3,Intermediate
CHEMBL3752637,4.73,Inactive
CHEMBL3752648,6.41,Intermediate
CHEMBL3752674,5.39,Intermediate
CHEMBL3752689,5.36,Intermediate
CHEMBL3752699,5.96,Intermediate
CHEMBL3752704,7.57,Active
CHEMBL3752771,7.92,Active
CHEMBL3752788,7.04,Active
CHEMBL3752817,6.77,Active
CHEMBL3752818,6.4,Intermediate
CHEMBL3752861,5.3,Intermediate
CHEMBL3752892,6.1,Intermediate
CHEMBL375292,5.545,Intermediate
CHEMBL3752939,7.64,Active
CHEMBL3752954,8.3,Active
CHEMBL3752973,6.8,Active
CHEMBL3752976,4.82,Inactive
CHEMBL3752994,6.44,Intermediate
CHEMBL3752998,7.06,Active
CHEMBL3753000,5.3,Intermediate
CHEMBL3753034,4.21,Inactive
CHEMBL3753063,6.32,Intermediate
CHEMBL3753109,7.6,Active
CHEMBL3753112,5.3,Intermediate
CHEMBL3753120,7.62,Active
CHEMBL3753182,4.58,Inactive
CHEMBL3753196,8.3,Active
CHEMBL3753258,4.52,Inactive
CHEMBL3753272,5.96,Intermediate
CHEMBL3753279,5.3,Intermediate
CHEMBL3753297,5.96,Intermediate
CHEMBL3753307,6.26,Intermediate
CHEMBL3753352,6.15,Intermediate
CHEMBL3753373,7.505,Active
CHEMBL3753375,6.16,Intermediate
CHEMBL3753398,5.92,Intermediate
CHEMBL3753425,5.37,Intermediate
CHEMBL3753439,7.42,Active
CHEMBL3753447,7.654999999999999,Active
CHEMBL3753463,5.6,Intermediate
CHEMBL3753505,7.24,Active
CHEMBL3753573,7.52,Active
CHEMBL3753582,5.3,Intermediate
CHEMBL3753611,6.845,Active
CHEMBL3753620,5.66,Intermediate
CHEMBL3753629,8.31,Active
CHEMBL3753645,5.55,Intermediate
CHEMBL3753667,6.52,Active
CHEMBL3753695,6.0,Intermediate
CHEMBL3753736,5.0,Intermediate
CHEMBL3753778,5.51,Intermediate
CHEMBL3753803,7.0,Active
CHEMBL3753810,7.27,Active
CHEMBL3753842,6.4,Intermediate
CHEMBL3753845,8.3,Active
CHEMBL3753855,6.82,Active
CHEMBL3753928,7.0,Active
CHEMBL3753997,5.4,Intermediate
CHEMBL3754046,4.12,Inactive
CHEMBL3754054,6.76,Active
CHEMBL3754055,7.73,Active
CHEMBL3754061,5.94,Intermediate
CHEMBL3754150,7.92,Active
CHEMBL3754157,4.37,Inactive
CHEMBL3754168,7.11,Active
CHEMBL3754174,4.93,Inactive
CHEMBL3754183,6.24,Intermediate
CHEMBL3754184,7.0,Active
CHEMBL3754204,7.21,Active
CHEMBL3754222,6.52,Active
CHEMBL3754253,5.720000000000001,Intermediate
CHEMBL3754259,7.295,Active
CHEMBL3754275,7.75,Active
CHEMBL3754305,4.94,Inactive
CHEMBL3754311,7.47,Active
CHEMBL3754325,7.51,Active
CHEMBL3754378,5.74,Intermediate
CHEMBL3754425,5.92,Intermediate
CHEMBL3754433,7.62,Active
CHEMBL3754473,5.66,Intermediate
CHEMBL3754504,7.05,Active
CHEMBL3754516,5.77,Intermediate
CHEMBL3754530,6.97,Active
CHEMBL3754538,6.0,Intermediate
CHEMBL3754546,7.38,Active
CHEMBL3754547,5.3,Intermediate
CHEMBL3754567,7.62,Active
CHEMBL3754603,7.41,Active
CHEMBL3754681,6.21,Intermediate
CHEMBL3754696,6.34,Intermediate
CHEMBL3754720,5.85,Intermediate
CHEMBL3754724,6.03,Intermediate
CHEMBL3754787,7.25,Active
CHEMBL375497,4.0,Inactive
CHEMBL376039,5.0,Intermediate
CHEMBL376303,6.31,Intermediate
CHEMBL376371,5.4,Intermediate
CHEMBL376473,4.55,Inactive
CHEMBL376649,5.75,Intermediate
CHEMBL376786,6.54,Active
CHEMBL377626,5.745,Intermediate
CHEMBL377766,6.36,Intermediate
CHEMBL377770,6.06,Intermediate
CHEMBL379019,6.89,Active
CHEMBL3793091,5.3,Intermediate
CHEMBL3793530,5.1,Intermediate
CHEMBL3793576,5.51,Intermediate
CHEMBL3794430,5.21,Intermediate
CHEMBL3798461,6.96,Active
CHEMBL3799189,4.91,Inactive
CHEMBL3799363,6.6,Active
CHEMBL3804849,6.47,Intermediate
CHEMBL3804993,6.89,Active
CHEMBL3805008,7.8,Active
CHEMBL3805021,7.28,Active
CHEMBL3805048,7.29,Active
CHEMBL3805149,7.38,Active
CHEMBL3805173,7.85,Active
CHEMBL3805211,7.89,Active
CHEMBL3805310,7.62,Active
CHEMBL3805388,7.35,Active
CHEMBL3805481,7.85,Active
CHEMBL3805539,7.66,Active
CHEMBL3805657,7.32,Active
CHEMBL3805678,6.88,Active
CHEMBL3805733,7.85,Active
CHEMBL3805814,8.22,Active
CHEMBL3805820,7.23,Active
CHEMBL3805839,7.34,Active
CHEMBL3805851,8.15,Active
CHEMBL3806046,7.44,Active
CHEMBL3806075,7.68,Active
CHEMBL3806151,7.27,Active
CHEMBL3806159,7.37,Active
CHEMBL3806185,7.32,Active
CHEMBL3806282,7.1,Active
CHEMBL3806301,8.05,Active
CHEMBL381014,6.01,Intermediate
CHEMBL381194,7.0,Active
CHEMBL3818279,6.1,Intermediate
CHEMBL3818338,6.12,Intermediate
CHEMBL3818343,9.055,Active
CHEMBL3818442,6.29,Intermediate
CHEMBL3818720,7.1,Active
CHEMBL3818728,6.23,Intermediate
CHEMBL3819549,6.35,Intermediate
CHEMBL382482,6.12,Intermediate
CHEMBL382500,6.89,Active
CHEMBL382679,7.62,Active
CHEMBL3827037,4.92,Inactive
CHEMBL382902,8.016666666666667,Active
CHEMBL383145,5.56,Intermediate
CHEMBL386630,6.22,Intermediate
CHEMBL387386,5.76,Intermediate
CHEMBL387518,4.576666666666667,Inactive
CHEMBL387892,5.55,Intermediate
CHEMBL388187,7.36,Active
CHEMBL388291,7.64,Active
CHEMBL388374,5.32,Intermediate
CHEMBL388507,9.29,Active
CHEMBL388515,7.02,Active
CHEMBL388604,5.44,Intermediate
CHEMBL388930,7.51,Active
CHEMBL388959,4.92,Inactive
CHEMBL3891718,5.0,Intermediate
CHEMBL3893614,5.66,Intermediate
CHEMBL389433,7.825,Active
CHEMBL3894912,5.92,Intermediate
CHEMBL389924,4.94,Inactive
CHEMBL389925,4.08,Inactive
CHEMBL390077,9.04,Active
CHEMBL390078,8.55,Active
CHEMBL390079,9.22,Active
CHEMBL390152,4.5,Inactive
CHEMBL390496,8.82,Active
CHEMBL390569,4.77,Inactive
CHEMBL3905734,7.21,Active
CHEMBL390717,8.54,Active
CHEMBL3913908,5.8,Intermediate
CHEMBL3914106,5.02,Intermediate
CHEMBL3916057,6.75,Active
CHEMBL3919759,6.92,Active
CHEMBL3922888,5.74,Intermediate
CHEMBL3923127,5.11,Intermediate
CHEMBL3924170,5.22,Intermediate
CHEMBL3924257,6.38,Intermediate
CHEMBL3925065,5.01,Intermediate
CHEMBL3926174,5.33,Intermediate
CHEMBL3938615,6.1,Intermediate
CHEMBL39403,7.21,Active
CHEMBL3941042,4.9,Inactive
CHEMBL39423,6.7,Active
CHEMBL39434,5.92,Intermediate
CHEMBL3944017,7.87,Active
CHEMBL3948254,8.06,Active
CHEMBL3948337,6.1,Intermediate
CHEMBL3951973,5.64,Intermediate
CHEMBL3952032,5.55,Intermediate
CHEMBL3959541,5.29,Intermediate
CHEMBL3960724,5.0,Intermediate
CHEMBL3961033,6.19,Intermediate
CHEMBL3961452,6.54,Active
CHEMBL3964421,5.0,Intermediate
CHEMBL3968178,5.42,Intermediate
CHEMBL397728,8.14,Active
CHEMBL3977491,6.64,Active
CHEMBL3980889,6.0,Intermediate
CHEMBL3983734,6.01,Intermediate
CHEMBL3984531,6.66,Active
CHEMBL399910,6.05,Intermediate
CHEMBL402970,5.43,Intermediate
CHEMBL404225,5.37,Intermediate
CHEMBL404981,5.93,Intermediate
CHEMBL405881,5.66,Intermediate
CHEMBL4060208,5.25,Intermediate
CHEMBL4067000,5.34,Intermediate
CHEMBL4068601,5.05,Intermediate
CHEMBL4070331,7.54,Active
CHEMBL4071689,5.27,Intermediate
CHEMBL4077259,5.01,Intermediate
CHEMBL4078790,5.96,Intermediate
CHEMBL4080256,5.21,Intermediate
CHEMBL4080420,5.16,Intermediate
CHEMBL4080965,5.58,Intermediate
CHEMBL4087613,5.51,Intermediate
CHEMBL409271,6.36,Intermediate
CHEMBL4098604,5.17,Intermediate
CHEMBL4098990,7.52,Active
CHEMBL4103066,5.96,Intermediate
CHEMBL41033,5.42,Intermediate
CHEMBL4126284,5.0,Intermediate
CHEMBL4126996,5.0,Intermediate
CHEMBL4128368,6.0,Intermediate
CHEMBL4129721,5.0,Intermediate
CHEMBL413344,4.42,Inactive
CHEMBL41429,5.54,Intermediate
CHEMBL415725,7.08,Active
CHEMBL415753,4.75,Inactive
CHEMBL4159101,5.27,Intermediate
CHEMBL4159159,6.71,Active
CHEMBL4159184,5.42,Intermediate
CHEMBL415952,4.7,Inactive
CHEMBL4159524,5.4,Intermediate
CHEMBL4159550,5.55,Intermediate
CHEMBL4160335,6.96,Active
CHEMBL4161492,7.01,Active
CHEMBL4161789,6.68,Active
CHEMBL4161859,6.1,Intermediate
CHEMBL4162163,5.39,Intermediate
CHEMBL4162549,5.11,Intermediate
CHEMBL4162572,5.64,Intermediate
CHEMBL416282,6.72,Active
CHEMBL4162907,5.06,Intermediate
CHEMBL4162931,7.23,Active
CHEMBL4163649,5.5,Intermediate
CHEMBL4163704,7.44,Active
CHEMBL4163983,5.46,Intermediate
CHEMBL4164126,6.58,Active
CHEMBL4165064,5.46,Intermediate
CHEMBL4165988,6.66,Active
CHEMBL4166016,5.85,Intermediate
CHEMBL416616,7.21,Active
CHEMBL4166364,5.34,Intermediate
CHEMBL4166769,5.08,Intermediate
CHEMBL4167098,5.36,Intermediate
CHEMBL4167430,5.26,Intermediate
CHEMBL4167569,7.08,Active
CHEMBL4167841,5.01,Intermediate
CHEMBL4168266,5.01,Intermediate
CHEMBL4169419,6.68,Active
CHEMBL4169756,5.12,Intermediate
CHEMBL4169784,5.38,Intermediate
CHEMBL4169808,7.85,Active
CHEMBL4170175,5.41,Intermediate
CHEMBL4170393,4.92,Inactive
CHEMBL4170504,5.89,Intermediate
CHEMBL4170868,6.17,Intermediate
CHEMBL4170941,5.98,Intermediate
CHEMBL4171198,5.57,Intermediate
CHEMBL4171996,7.49,Active
CHEMBL4172433,5.58,Intermediate
CHEMBL4172837,5.55,Intermediate
CHEMBL4172955,4.95,Inactive
CHEMBL4173231,6.62,Active
CHEMBL4173619,5.6,Intermediate
CHEMBL4173941,6.16,Intermediate
CHEMBL4174326,5.64,Intermediate
CHEMBL4174373,6.56,Active
CHEMBL4174637,5.57,Intermediate
CHEMBL4174670,4.92,Inactive
CHEMBL4175438,7.29,Active
CHEMBL4175698,4.82,Inactive
CHEMBL41761,7.393333333333333,Active
CHEMBL4176600,7.26,Active
CHEMBL4176982,5.77,Intermediate
CHEMBL4204862,4.4,Inactive
CHEMBL4206988,6.17,Intermediate
CHEMBL4207850,4.94,Inactive
CHEMBL4209034,5.52,Intermediate
CHEMBL4210489,5.79,Intermediate
CHEMBL421149,7.37,Active
CHEMBL4212655,5.16,Intermediate
CHEMBL421491,4.35,Inactive
CHEMBL4216885,5.41,Intermediate
CHEMBL421829,7.05,Active
CHEMBL422093,5.71,Intermediate
CHEMBL4224728,5.93,Intermediate
CHEMBL4224875,5.58,Intermediate
CHEMBL4224993,5.5,Intermediate
CHEMBL4225257,5.49,Intermediate
CHEMBL4225521,5.96,Intermediate
CHEMBL4225998,5.74,Intermediate
CHEMBL422610,6.02,Intermediate
CHEMBL4227126,5.24,Intermediate
CHEMBL4227385,9.38,Active
CHEMBL4227458,6.03,Intermediate
CHEMBL4227725,5.46,Intermediate
CHEMBL4227979,5.52,Intermediate
CHEMBL4228031,5.7,Intermediate
CHEMBL4228236,5.45,Intermediate
CHEMBL4228244,6.0,Intermediate
CHEMBL4228303,5.48,Intermediate
CHEMBL4228495,5.45,Intermediate
CHEMBL422858,5.22,Intermediate
CHEMBL4228753,6.75,Active
CHEMBL4228819,5.48,Intermediate
CHEMBL4229012,5.77,Intermediate
CHEMBL4229074,5.52,Intermediate
CHEMBL4229272,5.47,Intermediate
CHEMBL424162,6.0,Intermediate
CHEMBL425194,4.77,Inactive
CHEMBL425670,5.12,Intermediate
CHEMBL426541,6.07,Intermediate
CHEMBL427247,5.68,Intermediate
CHEMBL4288256,5.0,Intermediate
CHEMBL4289930,6.46,Intermediate
CHEMBL429788,7.02,Active
CHEMBL430879,7.0,Active
CHEMBL431843,4.29,Inactive
CHEMBL431859,6.62,Active
CHEMBL432751,5.75,Intermediate
CHEMBL433737,5.43,Intermediate
CHEMBL436369,8.05,Active
CHEMBL436515,6.28,Intermediate
CHEMBL437497,6.06,Intermediate
CHEMBL437731,7.303333333333334,Active
CHEMBL438549,5.8,Intermediate
CHEMBL438802,5.9,Intermediate
CHEMBL439241,6.21,Intermediate
CHEMBL439950,5.14,Intermediate
CHEMBL44,4.0,Inactive
CHEMBL440930,4.89,Inactive
CHEMBL441260,7.82,Active
CHEMBL441367,7.16,Active
CHEMBL442373,5.64,Intermediate
CHEMBL442542,6.07,Intermediate
CHEMBL443066,5.75,Intermediate
CHEMBL443530,4.36,Inactive
CHEMBL4436270,5.5,Intermediate
CHEMBL4437198,5.29,Intermediate
CHEMBL4437348,7.0,Active
CHEMBL4439561,5.56,Intermediate
CHEMBL4439573,5.19,Intermediate
CHEMBL444068,4.09,Inactive
CHEMBL4441579,8.1,Active
CHEMBL4444996,6.8,Active
CHEMBL4446561,6.11,Intermediate
CHEMBL4448018,5.48,Intermediate
CHEMBL4449929,6.89,Active
CHEMBL4450923,7.62,Active
CHEMBL4451577,5.41,Intermediate
CHEMBL4451962,6.39,Intermediate
CHEMBL4453737,4.66,Inactive
CHEMBL4454575,6.96,Active
CHEMBL4460718,7.3,Active
CHEMBL446083,6.6850000000000005,Active
CHEMBL4460869,6.76,Active
CHEMBL4462178,6.68,Active
CHEMBL4464506,6.12,Intermediate
CHEMBL4465348,8.555,Active
CHEMBL4465694,5.57,Intermediate
CHEMBL446706,6.926666666666667,Active
CHEMBL4468397,7.09,Active
CHEMBL4468497,6.28,Intermediate
CHEMBL4468933,7.13,Active
CHEMBL4474808,4.68,Inactive
CHEMBL448463,4.77,Inactive
CHEMBL449065,7.0,Active
CHEMBL45068,5.58,Intermediate
CHEMBL451168,5.02,Intermediate
CHEMBL4514474,7.76,Active
CHEMBL4514728,6.98,Active
CHEMBL451532,5.3,Intermediate
CHEMBL4515706,5.28,Intermediate
CHEMBL4515880,5.52,Intermediate
CHEMBL4516755,6.31,Intermediate
CHEMBL4517318,4.89,Inactive
CHEMBL4517895,5.3,Intermediate
CHEMBL4517937,5.09,Intermediate
CHEMBL4520056,6.68,Active
CHEMBL452018,7.14,Active
CHEMBL4520995,9.92,Active
CHEMBL4526477,7.1,Active
CHEMBL4526798,7.36,Active
CHEMBL4527809,6.18,Intermediate
CHEMBL4531367,4.94,Inactive
CHEMBL453233,5.24,Intermediate
CHEMBL4536389,5.66,Intermediate
CHEMBL4536893,7.4,Active
CHEMBL453736,9.22,Active
CHEMBL4537791,6.8,Active
CHEMBL4540847,7.39,Active
CHEMBL454226,4.73,Inactive
CHEMBL4543747,6.28,Intermediate
CHEMBL454580,4.6,Inactive
CHEMBL4546916,7.14,Active
CHEMBL454705,5.12,Intermediate
CHEMBL4547558,7.04,Active
CHEMBL4553272,5.11,Intermediate
CHEMBL4555477,5.43,Intermediate
CHEMBL455593,6.12,Intermediate
CHEMBL4556427,6.37,Intermediate
CHEMBL4556775,7.76,Active
CHEMBL455832,5.61,Intermediate
CHEMBL4560281,7.84,Active
CHEMBL4563511,7.71,Active
CHEMBL4564168,7.23,Active
CHEMBL4564333,6.25,Intermediate
CHEMBL4564431,5.06,Intermediate
CHEMBL4567479,6.55,Active
CHEMBL4568316,4.96,Inactive
CHEMBL4568674,7.24,Active
CHEMBL4570681,6.43,Intermediate
CHEMBL4574913,8.04,Active
CHEMBL4575939,7.92,Active
CHEMBL457678,7.0,Active
CHEMBL457679,7.0,Active
CHEMBL457680,6.4,Intermediate
CHEMBL457686,5.47,Intermediate
CHEMBL458187,4.62,Inactive
CHEMBL458188,4.51,Inactive
CHEMBL4582591,6.54,Active
CHEMBL4583456,7.04,Active
CHEMBL458395,5.66,Intermediate
CHEMBL4590541,7.22,Active
CHEMBL4592407,7.52,Active
CHEMBL459502,7.6,Active
CHEMBL459503,7.6,Active
CHEMBL460026,4.27,Inactive
CHEMBL460382,5.45,Intermediate
CHEMBL462879,5.28,Intermediate
CHEMBL4634777,7.185,Active
CHEMBL463638,5.15,Intermediate
CHEMBL464007,5.01,Intermediate
CHEMBL465879,4.52,Inactive
CHEMBL465880,5.34,Intermediate
CHEMBL465881,4.51,Inactive
CHEMBL468410,7.73,Active
CHEMBL469260,7.94,Active
CHEMBL469266,5.05,Intermediate
CHEMBL4743255,4.76,Inactive
CHEMBL4745681,7.75,Active
CHEMBL4747849,4.82,Inactive
CHEMBL4749692,4.9,Inactive
CHEMBL4750835,6.98,Active
CHEMBL4752568,4.85,Inactive
CHEMBL4753594,7.03,Active
CHEMBL4753984,5.52,Intermediate
CHEMBL4755831,8.28,Active
CHEMBL475943,5.0,Intermediate
CHEMBL475944,5.97,Intermediate
CHEMBL4760286,7.44,Active
CHEMBL4761359,6.36,Intermediate
CHEMBL476143,5.97,Intermediate
CHEMBL4763409,4.89,Inactive
CHEMBL4764457,5.53,Intermediate
CHEMBL476979,5.98,Intermediate
CHEMBL4777271,8.32,Active
CHEMBL4778401,7.22,Active
CHEMBL478023,4.76,Inactive
CHEMBL478024,5.3,Intermediate
CHEMBL4780337,7.22,Active
CHEMBL478647,5.34,Intermediate
CHEMBL478648,5.4,Intermediate
CHEMBL479366,7.89,Active
CHEMBL479385,8.26,Active
CHEMBL479551,7.92,Active
CHEMBL479559,8.49,Active
CHEMBL479737,7.0,Active
CHEMBL4797578,6.86,Active
CHEMBL479928,7.37,Active
CHEMBL479942,5.52,Intermediate
CHEMBL480451,8.0,Active
CHEMBL480514,6.75,Active
CHEMBL480515,6.77,Active
CHEMBL480516,6.67,Active
CHEMBL48160,7.2,Active
CHEMBL484579,5.52,Intermediate
CHEMBL48460,7.96,Active
CHEMBL4847316,5.1,Intermediate
CHEMBL4852023,5.43,Intermediate
CHEMBL4858552,6.09,Intermediate
CHEMBL4859743,4.97,Inactive
CHEMBL4863718,4.98,Inactive
CHEMBL4866633,4.93,Inactive
CHEMBL4868867,5.24,Intermediate
CHEMBL4870604,5.8,Intermediate
CHEMBL487113,6.57,Active
CHEMBL4874326,6.07,Intermediate
CHEMBL4874928,5.1,Intermediate
CHEMBL4875917,5.14,Intermediate
CHEMBL488050,7.16,Active
CHEMBL489187,5.98,Intermediate
CHEMBL489188,5.96,Intermediate
CHEMBL489189,5.86,Intermediate
CHEMBL489359,5.91,Intermediate
CHEMBL489360,6.58,Active
CHEMBL489986,6.34,Intermediate
CHEMBL490187,5.66,Intermediate
CHEMBL490194,5.44,Intermediate
CHEMBL490584,5.78,Intermediate
CHEMBL490794,5.92,Intermediate
CHEMBL490795,5.53,Intermediate
CHEMBL490867,6.02,Intermediate
CHEMBL491010,4.88,Inactive
CHEMBL491013,5.93,Intermediate
CHEMBL491023,6.0,Intermediate
CHEMBL491213,6.72,Active
CHEMBL491214,5.82,Intermediate
CHEMBL491215,5.82,Intermediate
CHEMBL491222,6.02,Intermediate
CHEMBL491692,4.46,Inactive
CHEMBL491824,6.46,Intermediate
CHEMBL491825,5.82,Intermediate
CHEMBL492382,5.57,Intermediate
CHEMBL492762,5.41,Intermediate
CHEMBL492763,5.9,Intermediate
CHEMBL492818,5.55,Intermediate
CHEMBL493173,6.02,Intermediate
CHEMBL493174,4.57,Inactive
CHEMBL493181,4.83,Inactive
CHEMBL493182,5.25,Intermediate
CHEMBL494713,7.42,Active
CHEMBL495563,5.51,Intermediate
CHEMBL495565,7.02,Active
CHEMBL495566,4.33,Inactive
CHEMBL495567,7.12,Active
CHEMBL495574,4.42,Inactive
CHEMBL495777,5.85,Intermediate
CHEMBL496375,6.66,Active
CHEMBL496634,4.78,Inactive
CHEMBL496777,6.72,Active
CHEMBL497614,5.25,Intermediate
CHEMBL50,7.92,Active
CHEMBL503538,4.5,Inactive
CHEMBL506858,5.7,Intermediate
CHEMBL5069811,6.07,Intermediate
CHEMBL5072101,7.46,Active
CHEMBL5072827,5.0,Intermediate
CHEMBL5074047,7.28,Active
CHEMBL5075144,6.02,Intermediate
CHEMBL5080066,7.64,Active
CHEMBL5081446,7.2,Active
CHEMBL5082245,5.9,Intermediate
CHEMBL5082681,6.22,Intermediate
CHEMBL5087363,6.0,Intermediate
CHEMBL5092560,6.05,Intermediate
CHEMBL5092843,5.49,Intermediate
CHEMBL509750,7.32,Active
CHEMBL509962,5.48,Intermediate
CHEMBL512994,7.03,Active
CHEMBL513168,5.79,Intermediate
CHEMBL513615,8.28,Active
CHEMBL514514,5.6,Intermediate
CHEMBL514745,6.3,Intermediate
CHEMBL516275,5.67,Intermediate
CHEMBL517347,6.5,Active
CHEMBL5173597,8.39,Active
CHEMBL5174567,9.28,Active
CHEMBL5175025,7.52,Active
CHEMBL5175340,9.41,Active
CHEMBL5176279,7.51,Active
CHEMBL5177269,9.29,Active
CHEMBL5177928,7.38,Active
CHEMBL517816,5.04,Intermediate
CHEMBL5178202,8.25,Active
CHEMBL5179009,9.14,Active
CHEMBL5184004,9.34,Active
CHEMBL518414,4.45,Inactive
CHEMBL5184565,4.51,Inactive
CHEMBL518586,6.06,Intermediate
CHEMBL5186519,8.7,Active
CHEMBL5195433,8.64,Active
CHEMBL5197552,8.99,Active
CHEMBL519937,8.14,Active
CHEMBL52,7.96,Active
CHEMBL5203413,10.05,Active
CHEMBL5204674,7.68,Active
CHEMBL5205534,8.56,Active
CHEMBL521591,6.52,Active
CHEMBL521600,6.29,Intermediate
CHEMBL522089,5.88,Intermediate
CHEMBL522733,7.26,Active
CHEMBL523231,4.53,Inactive
CHEMBL523232,5.68,Intermediate
CHEMBL523813,6.96,Active
CHEMBL523973,6.24,Intermediate
CHEMBL52509,5.19,Intermediate
CHEMBL5265808,5.18,Intermediate
CHEMBL5265959,4.31,Inactive
CHEMBL5266109,5.1,Intermediate
CHEMBL5266298,5.44,Intermediate
CHEMBL5266502,7.22,Active
CHEMBL5266533,7.89,Active
CHEMBL5266698,4.82,Inactive
CHEMBL5266818,7.28,Active
CHEMBL5266867,4.53,Inactive
CHEMBL5266933,6.57,Active
CHEMBL5266953,7.32,Active
CHEMBL5266984,5.72,Intermediate
CHEMBL5266995,5.38,Intermediate
CHEMBL5267423,5.28,Intermediate
CHEMBL5267688,6.7,Active
CHEMBL5267859,4.03,Inactive
CHEMBL5267873,5.58,Intermediate
CHEMBL5267929,4.02,Inactive
CHEMBL5267936,5.14,Intermediate
CHEMBL5268117,5.96,Intermediate
CHEMBL5268139,7.0,Active
CHEMBL5268211,5.84,Intermediate
CHEMBL5268215,6.52,Active
CHEMBL5268471,4.92,Inactive
CHEMBL5268515,5.6,Intermediate
CHEMBL5268519,4.33,Inactive
CHEMBL5268650,5.68,Intermediate
CHEMBL5268672,5.24,Intermediate
CHEMBL5268721,5.74,Intermediate
CHEMBL5268836,5.25,Intermediate
CHEMBL5268850,6.12,Intermediate
CHEMBL5268890,5.05,Intermediate
CHEMBL5269004,5.89,Intermediate
CHEMBL5269029,4.41,Inactive
CHEMBL5269083,5.18,Intermediate
CHEMBL5269208,4.3,Inactive
CHEMBL5269293,6.53,Active
CHEMBL5269555,4.92,Inactive
CHEMBL5269707,7.03,Active
CHEMBL5269737,5.0,Intermediate
CHEMBL5269756,5.24,Intermediate
CHEMBL5269898,6.77,Active
CHEMBL5269979,6.53,Active
CHEMBL5270023,8.0,Active
CHEMBL5270108,5.34,Intermediate
CHEMBL5270141,7.19,Active
CHEMBL5270168,5.52,Intermediate
CHEMBL5270259,5.2,Intermediate
CHEMBL5270376,5.54,Intermediate
CHEMBL5270578,6.1,Intermediate
CHEMBL5270644,5.26,Intermediate
CHEMBL5270764,6.3,Intermediate
CHEMBL5270920,5.25,Intermediate
CHEMBL5270927,4.8,Inactive
CHEMBL5270933,6.12,Intermediate
CHEMBL5270986,4.13,Inactive
CHEMBL5271052,9.4,Active
CHEMBL5271071,6.19,Intermediate
CHEMBL5271092,5.88,Intermediate
CHEMBL5271144,6.68,Active
CHEMBL5271503,4.55,Inactive
CHEMBL5271636,8.48,Active
CHEMBL5271699,5.7,Intermediate
CHEMBL5271771,6.82,Active
CHEMBL5271891,6.02,Intermediate
CHEMBL5271912,4.96,Inactive
CHEMBL5271963,5.4,Intermediate
CHEMBL5272287,6.82,Active
CHEMBL5272328,5.71,Intermediate
CHEMBL5272564,5.31,Intermediate
CHEMBL5272700,8.98,Active
CHEMBL5272891,5.35,Intermediate
CHEMBL5273068,5.6,Intermediate
CHEMBL5273116,6.0,Intermediate
CHEMBL5273177,5.26,Intermediate
CHEMBL5273350,4.31,Inactive
CHEMBL5273492,5.85,Intermediate
CHEMBL5273506,5.42,Intermediate
CHEMBL5273549,5.54,Intermediate
CHEMBL5273646,5.17,Intermediate
CHEMBL5273888,6.7,Active
CHEMBL5274084,7.38,Active
CHEMBL5274139,5.89,Intermediate
CHEMBL5274290,5.4,Intermediate
CHEMBL5274299,4.96,Inactive
CHEMBL5274335,8.0,Active
CHEMBL5274501,4.98,Inactive
CHEMBL5274587,5.66,Intermediate
CHEMBL5274777,5.22,Intermediate
CHEMBL5274998,4.6,Inactive
CHEMBL5275068,4.6,Inactive
CHEMBL5275153,4.41,Inactive
CHEMBL5275448,5.33,Intermediate
CHEMBL5275593,6.58,Active
CHEMBL5275714,6.1,Intermediate
CHEMBL5275747,5.96,Intermediate
CHEMBL5275758,4.24,Inactive
CHEMBL5275780,6.48,Intermediate
CHEMBL5275798,5.75,Intermediate
CHEMBL5275846,6.16,Intermediate
CHEMBL5275933,5.15,Intermediate
CHEMBL5276017,5.2,Intermediate
CHEMBL5276018,5.46,Intermediate
CHEMBL5276194,6.18,Intermediate
CHEMBL5276442,5.32,Intermediate
CHEMBL5276919,5.19,Intermediate
CHEMBL5277126,6.43,Intermediate
CHEMBL5277286,4.06,Inactive
CHEMBL5277564,5.28,Intermediate
CHEMBL5277644,6.29,Intermediate
CHEMBL5277776,8.31,Active
CHEMBL5277888,4.3,Inactive
CHEMBL5278036,8.72,Active
CHEMBL5278107,6.02,Intermediate
CHEMBL5278229,6.62,Active
CHEMBL5278253,4.29,Inactive
CHEMBL5278342,6.68,Active
CHEMBL5278675,5.24,Intermediate
CHEMBL5278956,5.72,Intermediate
CHEMBL5279139,5.29,Intermediate
CHEMBL5279329,6.16,Intermediate
CHEMBL5279864,4.88,Inactive
CHEMBL5280069,5.85,Intermediate
CHEMBL5280326,9.04,Active
CHEMBL5280521,5.92,Intermediate
CHEMBL5280552,4.26,Inactive
CHEMBL5280814,5.82,Intermediate
CHEMBL5280921,7.21,Active
CHEMBL5281207,5.17,Intermediate
CHEMBL5281289,7.16,Active
CHEMBL5281414,5.1,Intermediate
CHEMBL5281599,4.75,Inactive
CHEMBL5281632,4.12,Inactive
CHEMBL5281692,7.0,Active
CHEMBL5281733,5.4,Intermediate
CHEMBL5281772,5.57,Intermediate
CHEMBL5281823,5.24,Intermediate
CHEMBL5281951,5.23,Intermediate
CHEMBL5281972,8.64,Active
CHEMBL5282027,6.88,Active
CHEMBL5282258,6.38,Intermediate
CHEMBL5282619,6.57,Active
CHEMBL5282687,6.28,Intermediate
CHEMBL5282717,4.55,Inactive
CHEMBL5282836,4.66,Inactive
CHEMBL5282873,5.31,Intermediate
CHEMBL5282922,5.85,Intermediate
CHEMBL5282986,5.14,Intermediate
CHEMBL5283268,5.16,Intermediate
CHEMBL5283276,8.05,Active
CHEMBL5283375,5.92,Intermediate
CHEMBL5283443,5.75,Intermediate
CHEMBL5283697,4.32,Inactive
CHEMBL5283707,5.58,Intermediate
CHEMBL5283822,9.08,Active
CHEMBL5283967,4.9,Inactive
CHEMBL5283978,5.31,Intermediate
CHEMBL5284198,5.59,Intermediate
CHEMBL5284435,4.55,Inactive
CHEMBL5284594,4.92,Inactive
CHEMBL5284734,6.8,Active
CHEMBL5284760,8.7,Active
CHEMBL5284938,6.24,Intermediate
CHEMBL5285274,4.47,Inactive
CHEMBL5285403,7.75,Active
CHEMBL5285636,7.89,Active
CHEMBL5285644,5.15,Intermediate
CHEMBL5285796,6.0,Intermediate
CHEMBL5285807,6.31,Intermediate
CHEMBL5285813,4.33,Inactive
CHEMBL5285898,6.27,Intermediate
CHEMBL5285921,6.0,Intermediate
CHEMBL5285990,5.76,Intermediate
CHEMBL5286151,5.52,Intermediate
CHEMBL5286289,8.0,Active
CHEMBL5286506,5.47,Intermediate
CHEMBL5286569,5.54,Intermediate
CHEMBL5286772,6.68,Active
CHEMBL5286833,5.21,Intermediate
CHEMBL5286866,7.17,Active
CHEMBL5286895,4.96,Inactive
CHEMBL5287070,5.48,Intermediate
CHEMBL5287331,5.31,Intermediate
CHEMBL5287750,5.57,Intermediate
CHEMBL5287841,4.55,Inactive
CHEMBL5288111,4.0,Inactive
CHEMBL5288187,6.02,Intermediate
CHEMBL5288188,4.22,Inactive
CHEMBL5288289,5.05,Intermediate
CHEMBL5288360,5.49,Intermediate
CHEMBL5288430,4.19,Inactive
CHEMBL5288513,4.21,Inactive
CHEMBL5288515,6.55,Active
CHEMBL5288646,4.57,Inactive
CHEMBL5288725,5.37,Intermediate
CHEMBL5288833,5.85,Intermediate
CHEMBL5289192,4.62,Inactive
CHEMBL5289229,5.58,Intermediate
CHEMBL5289394,6.82,Active
CHEMBL5289628,5.21,Intermediate
CHEMBL5289821,5.2,Intermediate
CHEMBL5289932,5.74,Intermediate
CHEMBL5290320,6.11,Intermediate
CHEMBL5290731,5.48,Intermediate
CHEMBL5290784,5.4,Intermediate
CHEMBL5290788,6.255,Intermediate
CHEMBL5290853,5.05,Intermediate
CHEMBL5290876,5.05,Intermediate
CHEMBL5290922,4.0,Inactive
CHEMBL5290960,6.685,Active
CHEMBL5291085,7.0,Active
CHEMBL5291132,4.02,Inactive
CHEMBL5291168,4.64,Inactive
CHEMBL5291258,4.48,Inactive
CHEMBL5291323,4.94,Inactive
CHEMBL5291408,4.38,Inactive
CHEMBL5291483,5.34,Intermediate
CHEMBL5291490,5.16,Intermediate
CHEMBL53068,6.453333333333333,Intermediate
CHEMBL53290,6.66,Active
CHEMBL53644,6.16,Intermediate
CHEMBL5393912,6.76,Active
CHEMBL5393946,6.38,Intermediate
CHEMBL5394007,7.05,Active
CHEMBL5394067,7.16,Active
CHEMBL5394126,4.5,Inactive
CHEMBL5394223,5.42,Intermediate
CHEMBL5394232,4.6,Inactive
CHEMBL5394424,7.27,Active
CHEMBL5394566,5.36,Intermediate
CHEMBL5394706,7.0,Active
CHEMBL5394720,5.51,Intermediate
CHEMBL5394799,8.0,Active
CHEMBL5395012,5.66,Intermediate
CHEMBL5395040,6.72,Active
CHEMBL5395094,7.17,Active
CHEMBL5395326,8.89,Active
CHEMBL5395333,5.41,Intermediate
CHEMBL5395351,6.4,Intermediate
CHEMBL5395602,6.85,Active
CHEMBL5395683,4.82,Inactive
CHEMBL5395694,8.36,Active
CHEMBL5395753,8.55,Active
CHEMBL5396048,8.4,Active
CHEMBL5396276,5.77,Intermediate
CHEMBL5396371,5.56,Intermediate
CHEMBL5396408,5.55,Intermediate
CHEMBL5396464,9.39,Active
CHEMBL5396706,5.76,Intermediate
CHEMBL5397043,4.09,Inactive
CHEMBL5397197,8.6,Active
CHEMBL5397228,4.48,Inactive
CHEMBL5397257,5.66,Intermediate
CHEMBL5397541,4.8,Inactive
CHEMBL5397559,4.58,Inactive
CHEMBL5397563,7.85,Active
CHEMBL5397670,8.96,Active
CHEMBL5397796,6.72,Active
CHEMBL5398069,4.7,Inactive
CHEMBL5398185,5.18,Intermediate
CHEMBL5398199,5.4,Intermediate
CHEMBL5398403,5.6,Intermediate
CHEMBL5398511,4.66,Inactive
CHEMBL5398810,4.48,Inactive
CHEMBL5398859,7.24,Active
CHEMBL5398997,8.42,Active
CHEMBL5399449,9.0,Active
CHEMBL5399600,6.77,Active
CHEMBL5400021,5.46,Intermediate
CHEMBL5400203,7.58,Active
CHEMBL5400347,5.33,Intermediate
CHEMBL5400406,7.03,Active
CHEMBL5400488,8.82,Active
CHEMBL5400511,6.74,Active
CHEMBL5400514,7.3,Active
CHEMBL5400554,5.61,Intermediate
CHEMBL5400682,6.12,Intermediate
CHEMBL5400803,7.81,Active
CHEMBL5400890,6.1,Intermediate
CHEMBL5401017,7.21,Active
CHEMBL5401146,6.96,Active
CHEMBL5401315,9.51,Active
CHEMBL5401445,6.68,Active
CHEMBL5401526,5.77,Intermediate
CHEMBL5401648,9.85,Active
CHEMBL5401807,4.31,Inactive
CHEMBL5401856,4.85,Inactive
CHEMBL5401946,8.17,Active
CHEMBL5402030,6.69,Active
CHEMBL5402090,8.89,Active
CHEMBL5402193,7.75,Active
CHEMBL5402384,8.64,Active
CHEMBL5402392,6.71,Active
CHEMBL5402413,9.22,Active
CHEMBL5402457,9.44,Active
CHEMBL5402619,9.19,Active
CHEMBL5402637,6.2,Intermediate
CHEMBL5402711,5.14,Intermediate
CHEMBL5403263,5.42,Intermediate
CHEMBL5403643,5.09,Intermediate
CHEMBL5403749,5.86,Intermediate
CHEMBL5403786,6.57,Active
CHEMBL5403912,7.58,Active
CHEMBL5404063,7.42,Active
CHEMBL5404073,9.6,Active
CHEMBL5404343,5.07,Intermediate
CHEMBL5404404,5.6,Intermediate
CHEMBL5404624,8.4,Active
CHEMBL5404699,6.55,Active
CHEMBL5404820,8.89,Active
CHEMBL5405156,6.29,Intermediate
CHEMBL5405284,5.13,Intermediate
CHEMBL5405593,5.18,Intermediate
CHEMBL5405944,8.68,Active
CHEMBL5406056,5.37,Intermediate
CHEMBL5406393,8.68,Active
CHEMBL5406470,4.35,Inactive
CHEMBL5406734,9.68,Active
CHEMBL5407335,6.81,Active
CHEMBL5407480,6.77,Active
CHEMBL5407526,9.41,Active
CHEMBL5407805,6.47,Intermediate
CHEMBL5408038,8.11,Active
CHEMBL5408436,10.0,Active
CHEMBL5408745,6.01,Intermediate
CHEMBL5408823,7.94,Active
CHEMBL5408838,5.66,Intermediate
CHEMBL5408847,8.4,Active
CHEMBL5409215,7.05,Active
CHEMBL5409533,6.51,Active
CHEMBL540958,5.5,Intermediate
CHEMBL5409914,6.5,Active
CHEMBL5410011,8.64,Active
CHEMBL5410174,6.7,Active
CHEMBL5410534,7.09,Active
CHEMBL5410574,7.72,Active
CHEMBL5410623,8.02,Active
CHEMBL5410657,9.42,Active
CHEMBL5410695,7.73,Active
CHEMBL5411125,5.8,Intermediate
CHEMBL5411393,5.89,Intermediate
CHEMBL5411570,5.79,Intermediate
CHEMBL5411799,8.37,Active
CHEMBL5411834,8.15,Active
CHEMBL5411950,7.4,Active
CHEMBL5411965,5.2,Intermediate
CHEMBL5412224,5.3,Intermediate
CHEMBL5412353,8.77,Active
CHEMBL5412416,9.55,Active
CHEMBL5412425,8.82,Active
CHEMBL5412669,8.96,Active
CHEMBL5412790,8.89,Active
CHEMBL5413133,4.6,Inactive
CHEMBL5413153,8.85,Active
CHEMBL5413340,6.63,Active
CHEMBL5413419,5.77,Intermediate
CHEMBL5413431,8.59,Active
CHEMBL5413472,7.1,Active
CHEMBL5413476,6.21,Intermediate
CHEMBL5413770,8.8,Active
CHEMBL5413848,8.82,Active
CHEMBL5413902,6.23,Intermediate
CHEMBL5414100,5.4,Intermediate
CHEMBL5414163,4.84,Inactive
CHEMBL5414198,5.06,Intermediate
CHEMBL5414372,5.55,Intermediate
CHEMBL5414572,6.82,Active
CHEMBL5415771,8.68,Active
CHEMBL5416003,7.62,Active
CHEMBL5416025,5.54,Intermediate
CHEMBL5416291,5.73,Intermediate
CHEMBL5416513,9.66,Active
CHEMBL5416993,6.03,Intermediate
CHEMBL5417041,9.0,Active
CHEMBL5417163,5.28,Intermediate
CHEMBL5417335,9.44,Active
CHEMBL5417396,5.32,Intermediate
CHEMBL5417452,7.69,Active
CHEMBL5417624,6.85,Active
CHEMBL5417761,5.66,Intermediate
CHEMBL5417830,5.37,Intermediate
CHEMBL5417855,6.07,Intermediate
CHEMBL5418345,8.77,Active
CHEMBL5418690,6.49,Intermediate
CHEMBL5418765,6.64,Active
CHEMBL5418780,5.02,Intermediate
CHEMBL5418934,5.1,Intermediate
CHEMBL5419123,6.3,Intermediate
CHEMBL5419141,4.92,Inactive
CHEMBL5419258,7.8,Active
CHEMBL5419730,6.06,Intermediate
CHEMBL5419796,4.96,Inactive
CHEMBL5419940,4.8,Inactive
CHEMBL5419948,4.44,Inactive
CHEMBL5420394,6.06,Intermediate
CHEMBL5420745,5.46,Intermediate
CHEMBL5421164,5.44,Intermediate
CHEMBL5421179,4.28,Inactive
CHEMBL5421289,6.92,Active
CHEMBL5421409,8.46,Active
CHEMBL5421435,9.43,Active
CHEMBL5421450,8.42,Active
CHEMBL5421565,7.3,Active
CHEMBL5421595,5.48,Intermediate
CHEMBL5421626,8.54,Active
CHEMBL5421772,6.7,Active
CHEMBL5421908,5.99,Intermediate
CHEMBL5421931,4.3,Inactive
CHEMBL5422087,5.05,Intermediate
CHEMBL5422332,7.41,Active
CHEMBL5422369,6.68,Active
CHEMBL5423113,4.55,Inactive
CHEMBL5423258,7.66,Active
CHEMBL5423274,5.16,Intermediate
CHEMBL5423378,4.7,Inactive
CHEMBL5423400,8.52,Active
CHEMBL5423512,5.07,Intermediate
CHEMBL5423518,5.89,Intermediate
CHEMBL5423575,7.17,Active
CHEMBL5423576,5.55,Intermediate
CHEMBL5423781,6.26,Intermediate
CHEMBL5423824,8.82,Active
CHEMBL5423840,5.0,Intermediate
CHEMBL5424049,6.12,Intermediate
CHEMBL5424130,5.46,Intermediate
CHEMBL5424344,5.52,Intermediate
CHEMBL5424630,8.82,Active
CHEMBL5425028,10.55,Active
CHEMBL5425142,8.26,Active
CHEMBL5425388,6.96,Active
CHEMBL5425433,4.95,Inactive
CHEMBL5425445,5.47,Intermediate
CHEMBL5425529,5.26,Intermediate
CHEMBL5425567,7.5,Active
CHEMBL5425656,6.3,Intermediate
CHEMBL5425854,5.07,Intermediate
CHEMBL5425929,7.53,Active
CHEMBL5425965,5.09,Intermediate
CHEMBL5426057,5.37,Intermediate
CHEMBL5426175,7.0,Active
CHEMBL5426214,5.27,Intermediate
CHEMBL5426251,6.54,Active
CHEMBL5426314,6.44,Intermediate
CHEMBL5426628,7.01,Active
CHEMBL5426878,5.15,Intermediate
CHEMBL5426889,4.63,Inactive
CHEMBL5426947,7.49,Active
CHEMBL5427189,4.95,Inactive
CHEMBL5427371,5.26,Intermediate
CHEMBL5427411,7.77,Active
CHEMBL5427513,6.84,Active
CHEMBL5427725,5.33,Intermediate
CHEMBL5427782,5.03,Intermediate
CHEMBL5427905,8.26,Active
CHEMBL5427944,6.72,Active
CHEMBL5428001,6.82,Active
CHEMBL5428080,8.41,Active
CHEMBL5428148,6.92,Active
CHEMBL5428681,7.0,Active
CHEMBL5428947,6.47,Intermediate
CHEMBL5429338,8.6,Active
CHEMBL5429699,5.0,Intermediate
CHEMBL5429779,5.15,Intermediate
CHEMBL5429844,8.74,Active
CHEMBL5429907,4.95,Inactive
CHEMBL5430016,5.66,Intermediate
CHEMBL5430347,7.64,Active
CHEMBL5430600,5.33,Intermediate
CHEMBL5430729,6.36,Intermediate
CHEMBL5430737,7.3,Active
CHEMBL5430986,5.5,Intermediate
CHEMBL5431500,5.12,Intermediate
CHEMBL5431734,7.22,Active
CHEMBL5431758,8.52,Active
CHEMBL5431850,7.915000000000001,Active
CHEMBL5431946,5.49,Intermediate
CHEMBL5432233,8.7,Active
CHEMBL5432257,6.5,Active
CHEMBL5432300,5.5,Intermediate
CHEMBL5432856,7.21,Active
CHEMBL5432857,6.07,Intermediate
CHEMBL5432961,6.39,Intermediate
CHEMBL5432971,7.22,Active
CHEMBL5432975,4.72,Inactive
CHEMBL5432998,6.5,Active
CHEMBL5433174,6.32,Intermediate
CHEMBL5433442,9.05,Active
CHEMBL5433532,6.42,Intermediate
CHEMBL5433553,6.92,Active
CHEMBL5433928,5.35,Intermediate
CHEMBL5434047,7.855,Active
CHEMBL5434222,7.15,Active
CHEMBL5434606,8.49,Active
CHEMBL5434685,6.12,Intermediate
CHEMBL5434747,5.41,Intermediate
CHEMBL5434794,5.39,Intermediate
CHEMBL5435238,8.77,Active
CHEMBL5435398,6.53,Active
CHEMBL5435609,5.41,Intermediate
CHEMBL5435743,6.89,Active
CHEMBL5436006,8.41,Active
CHEMBL5436084,4.76,Inactive
CHEMBL5436290,7.2,Active
CHEMBL5436300,6.3,Intermediate
CHEMBL5436915,4.5,Inactive
CHEMBL5436925,6.99,Active
CHEMBL5436996,9.8,Active
CHEMBL5437093,6.38,Intermediate
CHEMBL5437662,7.8,Active
CHEMBL5437945,5.3,Intermediate
CHEMBL5438093,10.7,Active
CHEMBL5438740,5.46,Intermediate
CHEMBL5438840,7.26,Active
CHEMBL5438879,8.15,Active
CHEMBL5439256,6.02,Intermediate
CHEMBL5439274,5.46,Intermediate
CHEMBL5439659,5.51,Intermediate
CHEMBL5439806,6.02,Intermediate
CHEMBL5439843,6.16,Intermediate
CHEMBL5439970,9.22,Active
CHEMBL5439983,6.85,Active
CHEMBL5440090,4.11,Inactive
CHEMBL5440356,7.58,Active
CHEMBL5440376,6.24,Intermediate
CHEMBL5440707,5.62,Intermediate
CHEMBL5440818,6.1,Intermediate
CHEMBL5440983,7.82,Active
CHEMBL54803,6.46,Intermediate
CHEMBL55083,5.62,Intermediate
CHEMBL55144,6.04,Intermediate
CHEMBL5542291,5.92,Intermediate
CHEMBL5549760,6.19,Intermediate
CHEMBL55558,5.41,Intermediate
CHEMBL5555812,7.27,Active
CHEMBL5555946,6.1,Intermediate
CHEMBL5556708,5.0,Intermediate
CHEMBL5557518,4.91,Inactive
CHEMBL5557715,5.92,Intermediate
CHEMBL5557971,6.19,Intermediate
CHEMBL5558884,5.94,Intermediate
CHEMBL5559176,5.51,Intermediate
CHEMBL5559396,6.05,Intermediate
CHEMBL5559711,5.5,Intermediate
CHEMBL5559750,6.88,Active
CHEMBL5559841,6.29,Intermediate
CHEMBL5559883,6.26,Intermediate
CHEMBL5559919,6.75,Active
CHEMBL5560380,5.5,Intermediate
CHEMBL5560527,6.5,Active
CHEMBL5560949,7.08,Active
CHEMBL5561070,5.99,Intermediate
CHEMBL5561217,5.17,Intermediate
CHEMBL5561326,6.46,Intermediate
CHEMBL5562392,5.41,Intermediate
CHEMBL5562416,5.86,Intermediate
CHEMBL5562423,5.01,Intermediate
CHEMBL556429,6.3,Intermediate
CHEMBL5564449,5.67,Intermediate
CHEMBL5564454,6.75,Active
CHEMBL5564606,6.1,Intermediate
CHEMBL5564688,5.86,Intermediate
CHEMBL5564713,6.15,Intermediate
CHEMBL5566581,6.3,Intermediate
CHEMBL5567762,6.66,Active
CHEMBL5567780,7.21,Active
CHEMBL5568308,6.5,Active
CHEMBL5568351,6.98,Active
CHEMBL56367,4.57,Inactive
CHEMBL572637,6.17,Intermediate
CHEMBL574960,5.01,Intermediate
CHEMBL576579,4.78,Inactive
CHEMBL5770399,5.23,Intermediate
CHEMBL5808901,5.24,Intermediate
CHEMBL583076,6.56,Active
CHEMBL583989,4.81,Inactive
CHEMBL586557,4.61,Inactive
CHEMBL5875159,7.22,Active
CHEMBL5887888,4.84,Inactive
CHEMBL589247,7.84,Active
CHEMBL589738,8.77,Active
CHEMBL589974,9.66,Active
CHEMBL5916153,5.07,Intermediate
CHEMBL592131,9.61,Active
CHEMBL592376,6.75,Active
CHEMBL592852,9.7,Active
CHEMBL5946526,4.36,Inactive
CHEMBL596779,9.3,Active
CHEMBL597403,7.76,Active
CHEMBL597416,10.0,Active
CHEMBL597606,9.7,Active
CHEMBL597808,9.82,Active
CHEMBL598009,7.16,Active
CHEMBL598020,6.42,Intermediate
CHEMBL598199,8.7,Active
CHEMBL598211,6.24,Intermediate
CHEMBL598212,8.72,Active
CHEMBL598223,9.1,Active
CHEMBL598224,9.3,Active
CHEMBL598627,6.55,Active
CHEMBL598628,7.1,Active
CHEMBL598629,6.56,Active
CHEMBL598846,7.62,Active
CHEMBL598847,6.68,Active
CHEMBL599238,8.62,Active
CHEMBL599239,9.46,Active
CHEMBL599442,6.84,Active
CHEMBL599455,7.53,Active
CHEMBL599456,7.72,Active
CHEMBL599864,9.66,Active
CHEMBL601840,6.95,Active
CHEMBL604716,9.52,Active
CHEMBL605418,8.22,Active
CHEMBL607855,6.04,Intermediate
CHEMBL608153,8.34,Active
CHEMBL609332,7.13,Active
CHEMBL609333,7.28,Active
CHEMBL609618,6.55,Active
CHEMBL63297,6.72,Active
CHEMBL63336,5.37,Intermediate
CHEMBL65328,6.23,Intermediate
CHEMBL65549,4.28,Inactive
CHEMBL65590,5.3,Intermediate
CHEMBL66673,5.47,Intermediate
CHEMBL66775,5.51,Intermediate
CHEMBL66867,6.43,Intermediate
CHEMBL67441,7.55,Active
CHEMBL67842,7.16,Active
CHEMBL69011,4.66,Inactive
CHEMBL75267,4.08,Inactive
CHEMBL76904,4.15,Inactive
CHEMBL8145,4.0,Inactive
CHEMBL8659,4.49,Inactive
CHEMBL86928,5.55,Intermediate
CHEMBL87477,6.05,Intermediate
CHEMBL88169,5.48,Intermediate
CHEMBL88233,5.48,Intermediate
CHEMBL90077,5.31,Intermediate
CHEMBL90427,5.66,Intermediate
CHEMBL91,6.22,Intermediate
CHEMBL91101,5.2,Intermediate
CHEMBL9165,6.76,Active
CHEMBL9179,6.1,Intermediate
CHEMBL91818,5.21,Intermediate
CHEMBL91992,5.066666666666666,Intermediate
CHEMBL92065,5.37,Intermediate
CHEMBL92488,6.16,Intermediate
CHEMBL93666,5.0725,Intermediate
CHEMBL93828,6.7125,Active
CHEMBL9687,4.595,Inactive
CHEMBL97542,5.52,Intermediate
CHEMBL98105,8.33,Active
CHEMBL99706,7.25,Active
