Split,Fingerprint,Model,R2_train,RMSE_train,MAE_train,R2_CV,RMSE_CV,MAE_CV,R2_test,RMSE_test,MAE_test,Time_s
Random,MACCS,Ridge,0.3904941014105908,0.9783018715584594,0.7747331078405751,0.339757664675574,1.0182059065278268,0.8065999835546999,0.3471117409140656,1.0457904377276837,0.8276081707606079,0.2010974884033203
Random,MACCS,Lasso,0.06391057619332408,1.2123907022875853,0.9920600611164689,0.05917406181917906,1.2154541169800948,0.9941108750189928,0.05549454274904553,1.25784599968114,1.0054565315090813,0.5761961936950684
Random,MACCS,ElasticNet,0.1497841848061069,1.155442977769727,0.9415804269022419,0.14484040551681987,1.1587974056718093,0.9438953702479554,0.13636158258490783,1.2027938908294953,0.9608170849579275,0.505791187286377
Random,MACCS,Bayesian Ridge,0.3813890503979357,0.9855819230765944,0.7837179741922936,0.3410189091718411,1.0172329149379291,0.809765162344683,0.33965899880037653,1.051742367606235,0.8333423885964227,1.5150399208068848
Random,MACCS,PLS,0.37846430422591526,0.9879090543998665,0.7831728843000918,0.3356954856510628,1.0213333886655431,0.8108661359991418,0.3457314349570534,1.0468953347797618,0.82782468262775,0.2521705627441406
Random,MACCS,KNN,0.6068905837232734,0.7856708699721797,0.5802899782550075,0.4404205711418868,0.9373780900030595,0.7102140682950925,0.49318261409648556,0.9214059012257066,0.6959796104527011,0.2082347869873047
Random,MACCS,SVR (RBF),0.584149921541353,0.8080762110772939,0.5720420169095602,0.4647657896222769,0.9167604308617121,0.6928383137632396,0.48254306844546646,0.9310271409916477,0.6905188493087582,1.0593914985656738
Random,MACCS,Kernel Ridge (RBF),0.42682664630049816,0.9486956822868338,0.7524851935621057,0.378683204499486,0.9877350719497663,0.7852068581424227,0.38165823580864555,1.0177462890016247,0.7993953272245499,6.511198282241821
Random,MACCS,Decision Tree,0.8240701730198966,0.5255979536572523,0.27992600959767944,0.3836438419590209,0.983784096416035,0.7244612076170277,0.44811027019294414,0.961504659694683,0.7067190602930596,0.41873884201049805
Random,MACCS,Random Forest,0.786409077281597,0.5791290146573341,0.40727152159163665,0.5327496982248217,0.8565618411480554,0.6535910534368337,0.5770536252635879,0.8417204729221396,0.6363931483136812,25.7256760597229
Random,MACCS,Extra Trees,0.8240701730198966,0.5255979536572523,0.2799260095976967,0.39747546629480435,0.9726829327028463,0.7171093665897567,0.45385847685410596,0.9564842778548155,0.7054341141000718,23.539068460464478
Random,MACCS,Gradient Boosting,0.6474320893680536,0.7440554787063594,0.5635866129979189,0.4970142121794955,0.8887135153738381,0.6865913383831433,0.5124743920974604,0.9036993156196662,0.6890760418881668,35.420624017715454
Random,MACCS,XGBoost,0.8137231789122297,0.5408331914601947,0.331555121224071,0.5109244593238811,0.8763385158842519,0.6566961109211844,0.5778968652064227,0.8408809735290803,0.6221685839810104,7.81268048286438
Random,MACCS,Hist Gradient Boosting,0.7842292338075334,0.5820767194923709,0.4003438611898396,0.5268650334291455,0.8619388391716364,0.6510372686658543,0.5700735631665613,0.8486376839770231,0.634013968813285,16.91264772415161
Random,MACCS,AdaBoost,0.2705434568323566,1.070246065699041,0.8780882827902805,0.2601351726344898,1.077854449262535,0.8855222548388714,0.2632165508534956,1.1109516744180843,0.9032135973451448,1.9154002666473389
Random,MACCS,MLP,0.7079474041710674,0.6771961232691676,0.4924678720397646,0.4820168458335311,0.901865442070403,0.6921253369352037,0.5158322294977573,0.9005818194538601,0.6791917194599391,42.98953199386597
Random,PubChem,Ridge,0.5036310447069327,0.882848601839957,0.6834088281540909,0.4031647457426093,0.9680798086851162,0.7512521081450827,0.41625320111780695,0.9888661098950156,0.7722838365136864,0.13902664184570312
Random,PubChem,Lasso,0.08992946648281175,1.1954225786463222,0.9757081897865653,0.08612835569322896,1.1979164506549,0.9776531637964126,0.07945386771068641,1.241789593274623,0.9951464839870119,7.595590829849243
Random,PubChem,ElasticNet,0.19706061327736857,1.122859218612059,0.9147380284495761,0.19083810680513225,1.1272017096866076,0.9183283709582113,0.19616780238060583,1.1604005770558565,0.9322106237625983,4.811971426010132
Random,PubChem,Bayesian Ridge,0.4652319120775873,0.916361151731725,0.7133273013596387,0.39445854203714226,0.9751150714479242,0.759788280001214,0.41288697776966576,0.9917131996881289,0.7734996778497985,3.5095198154449463
Random,PubChem,PLS,0.41683129798105456,0.9569318988779577,0.7477668891403328,0.35385882802880253,1.0072740265580702,0.7875866644783392,0.3682290111416211,1.0287386972900745,0.8020860806394843,0.45723938941955566
Random,PubChem,KNN,0.6259937810077894,0.7663432558237626,0.5675860586185665,0.4499905431771267,0.9293279656677605,0.7069861508789468,0.5261244136477224,0.8909583544563773,0.6765153756729397,0.057933807373046875
Random,PubChem,SVR (RBF),0.5736852854819179,0.8181804335705097,0.5735763749313647,0.4695807413371993,0.9126275396552992,0.6807155800271315,0.4852527299874365,0.9285862811083456,0.6838823617958426,0.3039233684539795
Random,PubChem,Kernel Ridge (RBF),0.43219322766167645,0.9442439523600495,0.7427401176415093,0.3822300544410525,0.984911743951745,0.7762962933077384,0.4051559204429569,0.998221245453843,0.7798987643913982,6.5270843505859375
Random,PubChem,Decision Tree,0.8488111792838157,0.4872409347045076,0.24980271856775718,0.37043250121203675,0.9942716987663619,0.7183252313344534,0.5214859865096905,0.895308211094828,0.6657514633600912,1.0191621780395508
Random,PubChem,Random Forest,0.7973717659299572,0.5640711757178003,0.39222177485393067,0.5443648350107896,0.8458484254952792,0.637067523574244,0.6226272030763442,0.7950794570304869,0.6010812572527657,39.02516269683838
Random,PubChem,Extra Trees,0.8488111792838157,0.4872409347045076,0.24980271856777594,0.38119161222694287,0.9857391915247381,0.7122732681888267,0.538379378824218,0.8793622899679918,0.6575099978807614,59.86629581451416
Random,PubChem,Gradient Boosting,0.6977817732294462,0.6888810757860541,0.5141911300820274,0.5300161556525196,0.8590637482646754,0.6575483604216815,0.5816328022149316,0.8371514816750383,0.6433152262691882,96.19444727897644
Random,PubChem,XGBoost,0.8348672463195671,0.5092142392755932,0.3140484953904712,0.5339266167942444,0.8554823992076186,0.6340983120870998,0.6366332754638433,0.7801853915502418,0.5872415034526226,7.682360887527466
Random,PubChem,Hist Gradient Boosting,0.8071074872028319,0.5503533485468721,0.37158404978892307,0.5581845321395336,0.8329221012670898,0.6275514590714714,0.626221418030295,0.7912841073564156,0.6014494888081499,28.033825159072876
Random,PubChem,AdaBoost,0.30151541078450617,1.0472788723250581,0.8631165401968888,0.26953818098610705,1.0709832734932865,0.8808205682735052,0.31989484716514216,1.0673657669201768,0.8682554603270602,4.96663761138916
Random,PubChem,MLP,0.7090250144500062,0.6759456157985084,0.4931105699858672,0.506351537604077,0.8804259248266876,0.6730106567929897,0.5682320874711286,0.8504531990375709,0.6427485837236633,53.405264139175415
Random,Substructure,Ridge,0.2448303771538538,1.0889455985193384,0.8640638092692358,0.22410565018958828,1.1037868671725704,0.8760314442424405,0.2381891234446475,1.12966278435605,0.8991786114455077,0.08772969245910645
Random,Substructure,Lasso,0.05357225950789446,1.219067234157794,0.9969802539215454,0.050200023573046204,1.2212371445939776,0.998485554760822,0.05056175125010076,1.26112634703538,1.006377696359737,0.1066598892211914
Random,Substructure,ElasticNet,0.12311018787918637,1.1734279812964155,0.9582185291660503,0.11901679653941755,1.176163620010206,0.9603469534218831,0.1253643129356018,1.210427644747441,0.9706148237812413,0.13164496421813965
Random,Substructure,Bayesian Ridge,0.24355077795786184,1.0898677914289063,0.865890256760302,0.22577879616708674,1.102596116624749,0.8764273851319918,0.23760145674283817,1.1300984155899667,0.8994709788522672,0.8055601119995117
Random,Substructure,PLS,0.24455414949325338,1.0891447388082136,0.863936792975538,0.22430099384866464,1.1036479105359291,0.8758314862170447,0.23765753001752676,1.130056856300113,0.8986693488656652,0.12464690208435059
Random,Substructure,KNN,0.46270967710629285,0.9185196194078745,0.6829525864910383,0.295748544033541,1.0515932860204908,0.8032230090732598,0.3724847506617991,1.0252679445993544,0.7945467914495504,0.034293413162231445
Random,Substructure,SVR (RBF),0.46671114634481325,0.9150928902882146,0.6712663845399894,0.3834701152336619,0.9839227318022591,0.7496340546331702,0.393281184980419,1.0081356407553945,0.7674200889320436,0.25548386573791504
Random,Substructure,Kernel Ridge (RBF),0.33234084945513576,1.0239089299406143,0.8107484122859934,0.29829463894963437,1.04969064127132,0.8322931618202278,0.3062407857323878,1.0780269530154618,0.8537943744551779,5.236894130706787
Random,Substructure,Decision Tree,0.6513772373452136,0.7398808689780774,0.49007298152305057,0.35279385676040165,1.0081037804060742,0.7530526118658201,0.4027682998213735,1.00022259914334,0.7600471182636966,0.15536212921142578
Random,Substructure,Random Forest,0.630905031694124,0.7612950224188484,0.5508969223750134,0.43074975672904714,0.9454434128290244,0.719046856615888,0.45115595138709863,0.9588478897493399,0.7335726937640176,20.082600831985474
Random,Substructure,Extra Trees,0.6513772373452136,0.7398808689780774,0.4900729815230572,0.3656929186265039,0.9980072766802147,0.7457176895777229,0.41123938345999433,0.9931037294931576,0.7547737485981303,9.167363166809082
Random,Substructure,Gradient Boosting,0.517857398017483,0.8701050345555766,0.6651295094360361,0.39879005310937576,0.971621254462643,0.7502061322527348,0.4124446154466842,0.9920867341992855,0.7739267204551835,14.365071535110474
Random,Substructure,XGBoost,0.6382896591380594,0.7536407799354153,0.524366690621552,0.4178707541395005,0.9560786874592343,0.7233255954845957,0.42623491719361983,0.9803751505792081,0.7496458637993874,7.041990041732788
Random,Substructure,Hist Gradient Boosting,0.6113775887778456,0.7811741237315479,0.5736113845013425,0.4246019725954585,0.9505349987578123,0.7245588667546401,0.44481126853084585,0.9643741453299115,0.7454602097530799,13.666480541229248
Random,Substructure,AdaBoost,0.21733165867688686,1.1085947343997729,0.9046588318204947,0.1983532694475505,1.12195500618053,0.9170518903105036,0.2270606427339642,1.1378838878757414,0.9149360791743618,0.7078142166137695
Random,Substructure,MLP,0.49327435251837004,0.8920113307831021,0.6895387646008808,0.39639609153665345,0.9735537848996431,0.7543538771120814,0.4143082068957721,0.9905121484148626,0.7797828371812686,42.79936695098877
Random,SubstructureCount,Ridge,0.24789897481393486,1.0867309057709764,0.8695583578606558,0.2226390362056434,1.1048295767823424,0.8835263951769069,0.22142795741727905,1.1420224450404797,0.9172796642556532,0.052988529205322266
Random,SubstructureCount,Lasso,0.0951109688097942,1.192014641368337,0.9746870517019265,0.08861771925360706,1.196283790802193,0.9781456898791864,0.09625219816078756,1.2304072008192601,0.9854337389026101,0.2720801830291748
Random,SubstructureCount,ElasticNet,0.14626290912228135,1.1578332116381003,0.9407002767286132,0.1384969797111164,1.1630873441232634,0.9453966247876685,0.1411469125845506,1.1994569845720449,0.9609512087827593,0.40552544593811035
Random,SubstructureCount,Bayesian Ridge,0.24480775765862073,1.0889619069185292,0.8716047354112866,0.222470996414732,1.1049489841797207,0.8842044960630494,0.217228615370197,1.1450981357640684,0.9199655757915557,0.08507204055786133
Random,SubstructureCount,PLS,0.24375974375156262,1.0897172454226463,0.8716936036235663,0.21721930549733848,1.1086743017381993,0.8859990470348333,0.2226058091673757,1.1411582717921749,0.9155931671627446,0.12958765029907227
Random,SubstructureCount,KNN,0.6129829446545839,0.7795589823835478,0.5788879442215631,0.426287844787524,0.9491414798764046,0.7233852074704293,0.4913629901555011,0.9230584787576946,0.6970185320195518,0.03467965126037598
Random,SubstructureCount,SVR (RBF),0.3181602137847961,1.0347253700648384,0.8011933141921277,0.2908243172017684,1.0552633271075997,0.8245343063168055,0.26586455018387545,1.1089534975723851,0.8668561181246838,0.20665931701660156
Random,SubstructureCount,Kernel Ridge (RBF),0.509210079231282,0.8778731080839828,0.6766525814727783,0.2533520859852131,1.0827840654527556,0.8025548269298765,0.33033395781459884,1.0591424522420476,0.8032744686939499,3.653284788131714
Random,SubstructureCount,Decision Tree,0.8485941472404557,0.4875905272616092,0.25786712218662255,0.3149271703662019,1.0371756200481772,0.7606500379856438,0.46598188614764247,0.9458085406810571,0.6909707695833192,0.27498435974121094
Random,SubstructureCount,Random Forest,0.8051523322935785,0.5531355019917248,0.3968627454759287,0.509018089081232,0.878044797133536,0.6634882236181638,0.5926417681767627,0.8260635998434428,0.6220561175103732,21.771177768707275
Random,SubstructureCount,Extra Trees,0.8485941472404557,0.4875905272616092,0.25786712218664076,0.4641376992662749,0.917298176345246,0.6744676781981617,0.5670161809663847,0.85164984259864,0.6290038537242936,12.404613018035889
Random,SubstructureCount,Gradient Boosting,0.6436357625371021,0.7480506163425628,0.5664412441728737,0.48636291391981046,0.898073981951383,0.6907622200689105,0.5233956615020652,0.8935199072002729,0.6941092554154705,22.546120405197144
Random,SubstructureCount,XGBoost,0.8126322963930208,0.5424145052710692,0.36214042207595154,0.5046871135949156,0.8819089324939673,0.6575714548490025,0.5954441152939555,0.8232173188765698,0.6216351956445259,6.7970664501190186
Random,SubstructureCount,Hist Gradient Boosting,0.7971478916387825,0.5643826973919509,0.3958403467952179,0.5130088729136649,0.8744690681290413,0.6579155555276494,0.5962941728036092,0.8223519871947073,0.6147651883796027,13.532650709152222
Random,SubstructureCount,AdaBoost,0.28642553280636096,1.0585309942014338,0.8706959021762577,0.25249937141599876,1.0834021896476054,0.8904652857751706,0.3139215761242037,1.0720427841360984,0.8723297045934564,1.126746654510498
Random,SubstructureCount,MLP,0.5755050590652018,0.8164323172404766,0.629769137822409,0.39180015096233933,0.9772531565846553,0.748867903476063,0.42985610897763704,0.9772765430189602,0.7553917681171242,46.14424777030945
Random,KR,Ridge,0.45815180780315956,0.9224073232125407,0.7237273848683301,0.39000427692524586,0.9786948948048162,0.7671375238870316,0.37295084997425443,1.0248871048862036,0.8067010385825085,0.081695556640625
Random,KR,Lasso,0.038879182932846756,1.2284936607968995,1.0068811391246524,0.034743681053988396,1.231133799509309,1.0086615822603286,0.038043094093259344,1.26941330380729,1.0163768572940914,0.2511565685272217
Random,KR,ElasticNet,0.12310127094608136,1.1734339474691708,0.9625779492019121,0.11682611228884943,1.1776250572592082,0.9659227348628973,0.12691348596113328,1.2093552022711116,0.9733602694302801,0.6869018077850342
Random,KR,Bayesian Ridge,0.44048582042391915,0.9373234373234869,0.7379174991173616,0.3858797966024682,0.9819980388128803,0.7731403278674506,0.37720531109492805,1.021404312786051,0.8020840050694571,1.8523519039154053
Random,KR,PLS,0.4131938804304366,0.9599116113236472,0.7564061203709078,0.36712289443991564,0.9968816929195621,0.784840492344333,0.3529986512675525,1.0410649619730714,0.8216540028821987,0.29377317428588867
Random,KR,KNN,0.6227155601653935,0.769694485369502,0.5789646227224297,0.43440840811090065,0.942400266366239,0.7209104171741095,0.5030884886657879,0.9123569106130391,0.6975249478723223,0.0502467155456543
Random,KR,SVR (RBF),0.5742942493034305,0.8175958650338244,0.5762072869241466,0.46923463877629124,0.9129252392717567,0.6844755951727085,0.4553665892405413,0.955162749531851,0.7071734356394305,0.3042333126068115
Random,KR,Kernel Ridge (RBF),0.4193731242246671,0.9548441575083092,0.7590378310562512,0.3755470175290402,0.9902248023654999,0.7881278433745834,0.3773392995672652,1.0212944340671217,0.8055323741871774,6.409650564193726
Random,KR,Decision Tree,0.8464667404102728,0.49100415025907157,0.24537494393451567,0.3445402252416635,1.0145114433668643,0.7447639255335163,0.46496375139198376,0.9467097292131251,0.6904519097205444,0.5308396816253662
Random,KR,Random Forest,0.7608901443273242,0.61274907815424,0.44429506068704083,0.519686588394405,0.8684529297710941,0.6642440696110048,0.5805649743813905,0.838219160943648,0.6390556889658733,29.34835982322693
Random,KR,Extra Trees,0.8464667404102728,0.49100415025907157,0.24537494393453588,0.37082607806618806,0.9939608635449894,0.7316891342137973,0.48918692628145977,0.9250308976007522,0.679433147240723,30.62155508995056
Random,KR,Gradient Boosting,0.6797172301668797,0.7091705884440406,0.5358155999773097,0.5275341454638773,0.8613291424242606,0.65973602810101,0.5457815186879493,0.8722834599896585,0.6714022153436654,47.30940580368042
Random,KR,XGBoost,0.8232963093765331,0.5267526607687741,0.33108040301384045,0.5214390434492742,0.8668671782193299,0.6478189230256771,0.5716656136782607,0.8470649414714684,0.6293588941515144,7.432121753692627
Random,KR,Hist Gradient Boosting,0.7836518782686385,0.5828549544565819,0.4081144334381713,0.527689861372342,0.8611871917398751,0.6505731766468871,0.5915792098853634,0.8271402555073407,0.6259665114562444,20.436596155166626
Random,KR,AdaBoost,0.2637344067849916,1.075229523722562,0.889839263069516,0.24235819367476452,1.0907265716871228,0.9019015203895445,0.2779841345309142,1.0997617418929064,0.9023214701050075,2.3066887855529785
Random,KR,MLP,0.7099975525446576,0.6748150494035703,0.4908180908159108,0.4838632327034471,0.9002566261547822,0.6932693695935264,0.5146070900058698,0.901720516955975,0.6986154339231129,41.46836256980896
Random,KR_Count,Ridge,0.44019730457154016,0.9375650735740885,0.7390040370786838,0.3295198318281011,1.0260697783723811,0.7961455340160366,0.3569578913793877,1.0378747435320756,0.8049662519483235,0.08063626289367676
Random,KR_Count,Lasso,0.10258108115305686,1.1870842374860096,0.9709005393754535,0.08904221167580362,1.196005163183868,0.9776526077121303,0.0917748792143609,1.2334512576200576,0.9868582702521208,17.792030811309814
Random,KR_Count,ElasticNet,0.19350274789233068,1.1253441921341436,0.9166768453886326,0.17711363704027128,1.1367209402539145,0.925420308942568,0.18162816101331258,1.170848153463699,0.9350041662629097,7.367739915847778
Random,KR_Count,Bayesian Ridge,0.4337842372190691,0.942920126126554,0.7468684088292002,0.37803490820609176,0.9882502503901678,0.7823678285972697,0.37802399523215735,1.020732757207763,0.7923335238472422,1.7997462749481201
Random,KR_Count,PLS,0.39871711415881717,0.971680191349562,0.766619180030902,0.35224171011843264,1.0085337071434222,0.7955985519360024,0.3499159118400338,1.0435421733806998,0.8096493071048019,0.30335283279418945
Random,KR_Count,KNN,0.6275682237388235,0.7647285285870806,0.5836833682294621,0.42089988374419884,0.9535879488625406,0.7350720623126465,0.49962804848921405,0.9155281784999373,0.7048707960816329,0.05006718635559082
Random,KR_Count,SVR (RBF),0.17902616994562037,1.1353992019376553,0.8986102906372527,0.1568313027358661,1.1506444985568736,0.914781820992666,0.125702680673771,1.2101934848049951,0.9392857874033813,0.2539479732513428
Random,KR_Count,Kernel Ridge (RBF),0.45217517090733916,0.9274804922764165,0.7268027565404983,0.12053231806739606,1.175151530034069,0.8688082124597926,0.15698352094212653,1.1883469865710796,0.8587634440846637,5.949268341064453
Random,KR_Count,Decision Tree,0.8990438246874475,0.3981533484384965,0.18629076901624486,0.31730672662690473,1.0353727718775363,0.7611718739106185,0.435059019348666,0.9728072013488451,0.6994807817146207,0.8741297721862793
Random,KR_Count,Random Forest,0.7831262949804878,0.5835625016179249,0.4360922369997197,0.5250294502087226,0.8636092176118475,0.6695068199545621,0.6046262310108297,0.8138215082313677,0.6262188515495993,29.003747940063477
Random,KR_Count,Extra Trees,0.8990438246874475,0.39815334843849653,0.18629076901626754,0.4849547535759884,0.8993041954867196,0.6724831936891416,0.6134119859109044,0.8047285873570917,0.5936414638669039,36.40136218070984
Random,KR_Count,Gradient Boosting,0.7094143177417667,0.6754932815027114,0.5139696456134502,0.5222330367876953,0.8661477583824013,0.6688113152401434,0.5673993960902578,0.8512728800766743,0.6629184902775024,68.92904901504517
Random,KR_Count,XGBoost,0.8612553830306836,0.4667582458777106,0.3144111140548772,0.5435929369084899,0.8465646043079079,0.6385728720402207,0.622856784001554,0.7948375704274409,0.6000545364441712,7.302351951599121
Random,KR_Count,Hist Gradient Boosting,0.8466178223925147,0.49076250835402024,0.34238697868719126,0.5373538804203177,0.852331206967826,0.6487547326150198,0.6293660356659923,0.7879485208239091,0.6031280495918219,20.650907278060913
Random,KR_Count,AdaBoost,0.24897540330507817,1.0859529471401994,0.9058063948194075,0.24639430781807714,1.0878174294246163,0.8991134554622782,0.2814130037978404,1.0971472377322733,0.9017827934931287,5.018533229827881
Random,KR_Count,MLP,0.6609532987499722,0.7296484925102612,0.5405217305450836,0.43666451262774153,0.9405188045162262,0.716263835580414,0.4861779575732861,0.9277513664716472,0.7160380916188059,50.38259506225586
Random,AtomPairs2D,Ridge,0.5915251381040884,0.8008784266884627,0.6270886386764487,0.35791590172714605,1.004106746558635,0.7841978471415949,0.49449664375227953,0.9202106576178761,0.7164816640742925,0.18089985847473145
Random,AtomPairs2D,Lasso,0.055424750273164514,1.2178735788706008,0.9945840521157306,0.05165845645432199,1.2202991699145398,0.9966691404425233,0.053956946558200825,1.2588694308910564,1.0008768617529593,1.3513364791870117
Random,AtomPairs2D,ElasticNet,0.17726725760281592,1.1366148309119521,0.924914538301634,0.16539113770390246,1.1447889370915862,0.9310760644133317,0.1713144937840797,1.1782029577867148,0.9365589856007455,2.559366464614868
Random,AtomPairs2D,Bayesian Ridge,0.5519412878876356,0.8387864207920113,0.6587478007558815,0.4343369292391892,0.9424598142631361,0.741722338987429,0.49685595032899754,0.918060723128744,0.7211638094572165,3.798933982849121
Random,AtomPairs2D,PLS,0.5610618152545463,0.8302055063730788,0.6518990251462656,0.4062781321904587,0.9655515167852128,0.7556791205877309,0.49831563608067286,0.9167280496067757,0.7136914852352985,0.7961916923522949
Random,AtomPairs2D,KNN,0.6869245523607359,0.701145955203563,0.5255638705203534,0.49551933571099105,0.8900331662742798,0.6721687115632216,0.6046931818125203,0.8137526008916789,0.6208919430035474,0.07313966751098633
Random,AtomPairs2D,SVR (RBF),0.7223505590217767,0.6602863657122253,0.433736320234098,0.5429395152308492,0.8471703857080352,0.6373261511097275,0.5879479858736838,0.8308091248777577,0.6106810432831417,0.34562134742736816
Random,AtomPairs2D,Kernel Ridge (RBF),0.5384578187685456,0.8513137088975745,0.6710047672426742,0.44961710260222876,0.9296434055901334,0.7344643619184059,0.4852700514321773,0.9285706573331394,0.7301265170072503,6.984118223190308
Random,AtomPairs2D,Decision Tree,0.9123576580692139,0.3709718150440218,0.15950795684305935,0.23939680082633386,1.0928561530103011,0.8025629851379301,0.46574026898693943,0.9460224826103129,0.6781358001423965,2.4350526332855225
Random,AtomPairs2D,Random Forest,0.8637050371406677,0.46261938903367245,0.33459164771277033,0.5499901374173173,0.8406107583509854,0.646219472404405,0.6603723132021254,0.7542699063595513,0.5852901300336116,56.621681213378906
Random,AtomPairs2D,Extra Trees,0.9123576580692139,0.3709718150440218,0.15950795684308472,0.28666396634241353,1.0583541308280828,0.7797233741488313,0.48607987106701156,0.9278399141985387,0.6735289360577142,140.33558702468872
Random,AtomPairs2D,Gradient Boosting,0.8018722993198791,0.5577717670501748,0.4124805072062489,0.5574607363606161,0.8336040814587177,0.6398097715173147,0.6369226516694071,0.7798746695719714,0.5989149844436462,178.34429836273193
Random,AtomPairs2D,XGBoost,0.9118490273256719,0.37204672185341475,0.17354319321097736,0.5392078302893337,0.8506217302259085,0.6366401224067203,0.6863682441859214,0.7248284841711851,0.5519147967911198,8.94257378578186
Random,AtomPairs2D,Hist Gradient Boosting,0.9074142563258216,0.38129050241416806,0.2066907129154005,0.5477490324003642,0.8427013317543565,0.6337055683275795,0.6863401561138767,0.7248609403534759,0.5554290475021748,39.91708850860596
Random,AtomPairs2D,AdaBoost,0.34082758687671433,1.017380571080679,0.8509923850846034,0.2809173696025209,1.0626086015604526,0.8745553391297116,0.35089156157261225,1.0427588024658863,0.8585946362626943,45.536455154418945
Random,AtomPairs2D,MLP,0.8247169222030507,0.5246309685832822,0.3637032833104685,0.5339998387309437,0.8554151967661335,0.6589012839607487,0.6305264577215535,0.7867140553643867,0.5982154121873426,41.42606997489929
Random,AP2D_Count,Ridge,0.6014609391841013,0.7910781229963797,0.615343990766993,0.34860063973628574,1.0113642354535044,0.7645826102490623,0.3929278248259622,1.008429173033574,0.752510618001466,0.15465784072875977
Random,AP2D_Count,Lasso,0.27089299402085854,1.0699896175056738,0.8525625542245266,0.25149163433502897,1.0841322337412278,0.8641808599991203,0.23964292522413733,1.128584373631849,0.8886570530512898,6.666850328445435
Random,AP2D_Count,ElasticNet,0.3524358776325578,1.0083825402939721,0.7969620424516112,0.32438495218032615,1.029991367579153,0.8145926032581314,0.3174545410468219,1.0692789761370654,0.8392033617012703,13.380494832992554
Random,AP2D_Count,Bayesian Ridge,0.5378570381658401,0.8518675980707507,0.6663798968629557,0.43476990608490773,0.9420990505728704,0.7383693838798375,0.474032587490561,0.9386520992843157,0.7363215247052505,3.9823694229125977
Random,AP2D_Count,PLS,0.5188083478478644,0.8692465389297719,0.6803551323762601,0.40613886191723336,0.9656647556146271,0.75447078568087,0.4546264399658877,0.9558115556619077,0.7560595880555665,0.637488842010498
Random,AP2D_Count,KNN,0.6770088534124732,0.7121627221683438,0.5353596527650418,0.48866809976856007,0.8960564529458976,0.6807687306778123,0.5779120764753238,0.8408658220402787,0.6410898641592775,0.06920385360717773
Random,AP2D_Count,SVR (RBF),0.5842145736978421,0.8080133928849875,0.5741939556570239,0.48446136302979337,0.8997348391815729,0.678971588283638,0.49335980700999926,0.9212448167074231,0.690127732365466,0.31652212142944336
Random,AP2D_Count,Kernel Ridge (RBF),0.5023575084257099,0.8839804408238207,0.6718273310937644,-0.20073855158110576,1.3731189323616129,0.9547825063482038,0.08870127475009093,1.2355366102146286,0.8973743956770446,6.896828889846802
Random,AP2D_Count,Decision Tree,0.9123576580692139,0.3709718150440218,0.15950795684305935,0.3241422644563887,1.0301763426014763,0.7625205994794209,0.47274399645604237,0.9398012187272009,0.7002460683921766,3.0061378479003906
Random,AP2D_Count,Random Forest,0.8548315769845718,0.47744132577764564,0.35115467984349064,0.574497424939868,0.8174007356691315,0.6256579233563978,0.6750018666905417,0.7378459034455918,0.569527815627189,50.25611424446106
Random,AP2D_Count,Extra Trees,0.9123576580692139,0.3709718150440218,0.15950795684308472,0.5575752681141595,0.833496203668913,0.6165230358914937,0.6935672706353905,0.7164614238932161,0.5434878813607255,117.8885269165039
Random,AP2D_Count,Gradient Boosting,0.8084778620498895,0.5483949141282831,0.4051845102504937,0.5867326734529896,0.8055629122274824,0.6115433326119735,0.6380075345073906,0.7787086568539288,0.5985784907081454,222.41234159469604
Random,AP2D_Count,XGBoost,0.9070808489676461,0.38197641156844103,0.2078748662915762,0.5761233420867133,0.8158375278421072,0.6093482222085317,0.689960552778803,0.7206654705519454,0.5472757840341681,8.788410902023315
Random,AP2D_Count,Hist Gradient Boosting,0.9062589981876105,0.3836619441255169,0.21272723616444908,0.5742626608928285,0.8176261982801669,0.6132009933123875,0.6926737706740005,0.7175051966812265,0.5454042359420327,36.88481283187866
Random,AP2D_Count,AdaBoost,0.36273798259668355,1.0003291970633754,0.8369923652682965,0.3156016030160457,1.0366649609499732,0.8525387089090674,0.3801310882888419,1.019002301731199,0.8360616279211677,42.28446054458618
Random,AP2D_Count,MLP,0.8053701373249453,0.5528262620013021,0.3883040626440505,0.4760856616679767,0.9070141659554356,0.6882743580331532,0.5601397518624835,0.8583859382641111,0.6424975355584233,43.47583889961243
Random,CDK_FP,Ridge,0.7509717555810249,0.6253285126818892,0.4767078700585238,0.17627811291825413,1.1372978831008507,0.8383175990604285,0.4161240221926664,0.9889755182850833,0.7506194869828803,0.31219935417175293
Random,CDK_FP,Lasso,0.11737215390925537,1.1772609547158774,0.9551374347118672,0.11419110636931828,1.1793805087903055,0.9567361551367372,0.08443638141633858,1.2384244014701122,0.98565048547791,2.7156341075897217
Random,CDK_FP,ElasticNet,0.2676796244834888,1.0723448904581778,0.8657756452505236,0.24989479459887332,1.0852880411987458,0.8765712690703132,0.2356825708621585,1.1315196978906163,0.9003958175013091,6.748558044433594
Random,CDK_FP,Bayesian Ridge,0.6512242845875148,0.7400431567308885,0.5661306863881335,0.494205725150481,0.891191185748866,0.6822350195933775,0.5426926603431038,0.8752443642639693,0.6823725392137555,7.250741481781006
Random,CDK_FP,PLS,0.6258545557135993,0.7664858797058306,0.5884761818251422,0.4577827181953411,0.9227214268727031,0.7069400117459727,0.5137301533860987,0.9025346974833154,0.7006687941228679,2.081080436706543
Random,CDK_FP,KNN,0.6598786171463689,0.7308039666925982,0.5398258718777043,0.48713026674749615,0.8974028882869516,0.67132474400493,0.5853938176352609,0.8333800964198997,0.6276864717550381,0.10467123985290527
Random,CDK_FP,SVR (RBF),0.7258885615813662,0.6560659633994096,0.43079549144809237,0.551420476088638,0.8392737709773506,0.6255823948559698,0.5940671454189251,0.8246171038991944,0.6034924119469328,0.41617846488952637
Random,CDK_FP,Kernel Ridge (RBF),0.5844226929424075,0.8078111441109179,0.6265316972458894,0.48625812803832613,0.898165584249307,0.6988081546425335,0.515854827575299,0.900560802301847,0.701311521709521,6.1231772899627686
Random,CDK_FP,Decision Tree,0.8971293625272969,0.40191076936257486,0.17537799179999508,0.35497253989490585,1.0064055655307238,0.7360987754317194,0.46704976073547233,0.9448624020475177,0.6870634512653209,5.378180742263794
Random,CDK_FP,Random Forest,0.8599940145531481,0.46887516422928366,0.32386470701271775,0.5701367440823497,0.8215785457698548,0.6296150898959675,0.6655521084892044,0.7484959732996945,0.570061604408871,104.8594708442688
Random,CDK_FP,Extra Trees,0.8971293625272969,0.4019107693625749,0.17537799180001995,0.3930476725129384,0.9762503857147092,0.7167525575851376,0.5223137453880554,0.8945335001402647,0.6556114197323489,312.1586287021637
Random,CDK_FP,Gradient Boosting,0.7956297667875998,0.5664906525873726,0.4129735563713086,0.5689618740506028,0.8227005181212398,0.6202855887568195,0.6378473510280839,0.7788809290389292,0.5914284085622521,524.4072501659393
Random,CDK_FP,XGBoost,0.8960834189698015,0.4039488282223131,0.19358759270493625,0.5448436888900293,0.8454038326429084,0.6318841235101917,0.6607115817495008,0.7538930760764018,0.566009058122315,10.818766593933105
Random,CDK_FP,Hist Gradient Boosting,0.8889280541004598,0.41762464370158703,0.2302513122582309,0.5618939872400759,0.8294181500299459,0.6219298747476106,0.6662082534014009,0.7477613851117862,0.5665104152830447,78.19450807571411
Random,CDK_FP,AdaBoost,0.4032613241291566,0.9680014793907956,0.8017719024071813,0.3476823703063563,1.012076838083467,0.8237112189983171,0.3860309357266841,1.0141413288802525,0.8253914434711802,41.2409987449646
Random,CDK_FP,MLP,0.7865788347155078,0.5788988293201022,0.4140129573330722,0.5101660850272454,0.8770176902815595,0.6671295495273628,0.6269721833325823,0.790489028010328,0.5947041993997312,80.15988659858704
Random,CDK_Extended,Ridge,0.7057546662932743,0.6797335717184745,0.527484966670969,0.26775690638243743,1.0722883065921915,0.8262737072186184,0.36284677067391147,1.033111465631873,0.7775857772932593,0.2821080684661865
Random,CDK_Extended,Lasso,0.05188211405184784,1.2201552632828423,0.9927026235712362,0.046911811040964424,1.2233492828355494,0.9952643020108332,0.03676544120156244,1.2702560293970013,1.006431442944694,2.478444814682007
Random,CDK_Extended,ElasticNet,0.2101956040732783,1.1136371269246108,0.9002194393744141,0.1959148508271945,1.1236600706572049,0.9077997060132262,0.18599443324815434,1.1677205538523636,0.9237457773402972,5.252779722213745
Random,CDK_Extended,Bayesian Ridge,0.624287235645969,0.7680896319845647,0.5967281543237598,0.47035087547662147,0.9119647611831262,0.7094052463395322,0.5211591554898738,0.8956139122233799,0.6999237896337748,6.062605381011963
Random,CDK_Extended,PLS,0.6150339068786653,0.7774906369852159,0.6049026957440036,0.4381617156389713,0.9392681426210421,0.7318278314789407,0.494195494409834,0.9204847206584282,0.7148692377127523,1.4187493324279785
Random,CDK_Extended,KNN,0.6613938942847988,0.729174244602338,0.5363312657828413,0.47860189163812394,0.9048334629876635,0.674271358346703,0.6105192018202819,0.8077338117028063,0.6057718697622323,0.10590481758117676
Random,CDK_Extended,SVR (RBF),0.7107477279654546,0.6739416818343326,0.4472296843535064,0.5306870897439109,0.8584503431306217,0.6448385972208054,0.5804876772172588,0.838296394573736,0.6256363461028692,0.39507007598876953
Random,CDK_Extended,Kernel Ridge (RBF),0.5353475738013562,0.8541773132525075,0.6726142293754225,0.44442225667853286,0.9340203694755506,0.7372500238777974,0.48972162713005685,0.9245466262151517,0.7319224111880166,7.829310894012451
Random,CDK_Extended,Decision Tree,0.9026421200994569,0.3909934498342617,0.17048916012331092,0.2313583836497517,1.0986158874881335,0.7991639163910378,0.4195340645386122,0.98608330570079,0.7209293325081584,4.04289174079895
Random,CDK_Extended,Random Forest,0.8595435635884446,0.46962883079852447,0.33482375447264545,0.5411991418024454,0.8487817610211317,0.6522763143659245,0.6446110965464186,0.7715732612752211,0.5906379771040289,87.86529493331909
Random,CDK_Extended,Extra Trees,0.9026421200994569,0.3909934498342617,0.17048916012333576,0.26754324351881287,1.0724447378932536,0.7851708939539322,0.4405504397686776,0.9680676455910804,0.702204671996064,241.23575854301453
Random,CDK_Extended,Gradient Boosting,0.8026521361850635,0.5566729811557722,0.4105008762351814,0.5476809704789385,0.8427647409211052,0.6433163587546419,0.6367044071945132,0.7801090242749824,0.601706619706423,324.1854794025421
Random,CDK_Extended,XGBoost,0.901489825031029,0.3933004769918676,0.18761434032145233,0.5237675628176407,0.864755662081821,0.6464591838396103,0.6543383423968989,0.7609407484944832,0.57879919852017,9.88110876083374
Random,CDK_Extended,Hist Gradient Boosting,0.8947964024305448,0.40644260251546643,0.22289453306194565,0.539888936904984,0.8499928367931306,0.634935458574286,0.6677212503182971,0.7460647499471471,0.569756309056898,62.72128105163574
Random,CDK_Extended,AdaBoost,0.33842170053163034,1.0192355278414846,0.849316085074766,0.29326564471986305,1.053445396475621,0.8686535386120848,0.3330667848647172,1.0569791260607981,0.864697917978743,25.98975396156311
Random,CDK_Extended,MLP,0.7239900113936848,0.6583340643379295,0.5001016759105136,0.47016295877366343,0.9121265269685327,0.7047060287357632,0.5829412592085611,0.8358413472820857,0.6418484298791369,88.1927969455719
Random,CDK_GraphOnly,Ridge,0.15443974181739628,1.152275185191859,0.9308670888206062,0.14413759248689173,1.1592734867784023,0.936421970728675,0.1633793066557636,1.1838305367210056,0.9424905465247417,0.05305790901184082
Random,CDK_GraphOnly,Lasso,0.03533902276931833,1.2307540773861503,1.0049832286607316,0.03450585602263756,1.231285456844192,1.005390983159461,0.021916580224709215,1.2800094784167877,1.0199685057884398,0.12533807754516602
Random,CDK_GraphOnly,ElasticNet,0.06830149963506005,1.209543873731795,0.9858799250814227,0.06638083496399916,1.2107899485916136,0.9867250167978596,0.050874764497475855,1.2609184442072563,1.0058736600134146,0.3119943141937256
Random,CDK_GraphOnly,Bayesian Ridge,0.15303856024137275,1.1532295101083205,0.932682490878081,0.14469075803038034,1.1588987923219582,0.9370381529274856,0.16136396267948683,1.1852555496797854,0.9438585267319184,0.0687098503112793
Random,CDK_GraphOnly,PLS,0.1535227508179926,1.152899824090693,0.9311609832921035,0.14455404744912426,1.1589914064253317,0.9359014874554061,0.1634931740929123,1.183749971933811,0.9423249954487612,0.11766242980957031
Random,CDK_GraphOnly,KNN,-0.19995647620869073,1.372671683700132,1.0980579991236579,-0.17321814873397168,1.3572920776301498,1.0863475601975159,-0.1472993701019336,1.3863204021868598,1.0832934899673432,0.032895565032958984
Random,CDK_GraphOnly,SVR (RBF),0.19158737101150491,1.126679708153071,0.88644722954369,0.16935478272468985,1.1420673405953867,0.9059646190603949,0.18415634105274625,1.169038215435525,0.9106465685772888,0.21083831787109375
Random,CDK_GraphOnly,Kernel Ridge (RBF),0.17712073854306232,1.1367160352969792,0.9149684647325366,0.16455915119188236,1.1453593909604192,0.9227426311461574,0.17681996985316806,1.1742826661566077,0.9296289355047938,3.828909158706665
Random,CDK_GraphOnly,Decision Tree,0.21362838540160567,1.1112143525571578,0.8802238100561876,0.1787749391835587,1.1355729135573949,0.9028195445084868,0.20458327313049218,1.154310369080164,0.9013941236574551,0.07510590553283691
Random,CDK_GraphOnly,Random Forest,0.2129452738090286,1.1116968970767471,0.882291412477853,0.1829629070124018,1.1326736952232601,0.901194813919227,0.20755522136085702,1.1521519023482,0.9011551136954343,15.164141178131104
Random,CDK_GraphOnly,Extra Trees,0.21362838540160567,1.1112143525571578,0.8802238100561869,0.17990322773236067,1.1347925584756908,0.9018677394440363,0.20501631862221625,1.153996108052946,0.9011386883012549,6.727581024169922
Random,CDK_GraphOnly,Gradient Boosting,0.20670861619144731,1.1160927744842524,0.886911461394773,0.17912125341114193,1.1353334502577859,0.9051699584808934,0.20234426640952063,1.15593385295269,0.9072192437327404,11.149681329727173
Random,CDK_GraphOnly,XGBoost,0.21362189346738913,1.1112189393933651,0.880258250668035,0.18217118931286347,1.1332223488175786,0.9007019630682266,0.2069892996805055,1.152563231559322,0.9007927971964641,3.5385794639587402
Random,CDK_GraphOnly,Hist Gradient Boosting,0.21244178540115177,1.1120524231887179,0.8827549251466295,0.1819159141442177,1.1333991957028187,0.902147082952175,0.20819822713596015,1.1516843677696396,0.9012497413856327,10.265691995620728
Random,CDK_GraphOnly,AdaBoost,0.1510699531327907,1.1545689678670261,0.9358849575932724,0.1287164341997803,1.1696709102075231,0.9501920354799093,0.14509354263602403,1.196697919124989,0.9585860706771544,0.5691611766815186
Random,CDK_GraphOnly,MLP,0.19544552551174588,1.1239879496063054,0.8952335617620891,0.16948171631482634,1.1419800757539502,0.9145333947037617,0.19375281145796797,1.1621423928298504,0.9115249283391935,27.575754165649414
Random,EState,Ridge,0.21628059657351617,1.1093388624809886,0.8884747306178371,0.20064596668945744,1.1203494704304053,0.8977722986979706,0.23592923532025045,1.1313370982241029,0.898634998540091,0.046811819076538086
Random,EState,Lasso,0.06337300429188175,1.2127387746057987,0.9925351416917556,0.060370472190362734,1.21468104916143,0.9939572171071812,0.06259480163322872,1.2531091926215014,1.0009493046489877,0.08442020416259766
Random,EState,ElasticNet,0.1132810027758332,1.1799862166857369,0.9652138520181408,0.1098351949676094,1.1822767186617884,0.9671401544090328,0.12248823925828634,1.212416142331589,0.9705491641936462,0.11694812774658203
Random,EState,Bayesian Ridge,0.2155585907149502,1.1098497371445173,0.8901737663847776,0.20131958050086352,1.119877312972735,0.8987860299679373,0.23528309039537876,1.1318153610220232,0.8998452981854671,0.05182504653930664
Random,EState,PLS,0.2159221175124616,1.1095925433823597,0.8883535285573634,0.19965340124814202,1.1210448288904191,0.8978171489378781,0.2364156203648934,1.1309769528887084,0.8982516927739771,0.07337141036987305
Random,EState,KNN,0.42283556446279746,0.9519928992330938,0.7055019412551026,0.28771053973193583,1.0575774619179052,0.809481116407097,0.30943654833475776,1.0755411519264666,0.8192735138823751,0.034203529357910156
Random,EState,SVR (RBF),0.4357409947687241,0.9412894201078787,0.6937230329272189,0.35720772497913544,1.004660325980962,0.7690768503875802,0.3714660422177021,1.026099817265157,0.7740658096110254,0.26360654830932617
Random,EState,Kernel Ridge (RBF),0.32928400661807233,1.0262502101428979,0.8168603770992048,0.29678453263174787,1.0508195285830837,0.837649611681992,0.33301471180002984,1.0570203888640566,0.8300580134324949,3.529719829559326
Random,EState,Decision Tree,0.59607961085432,0.7964010353343485,0.5357640203568019,0.30662624099615354,1.0434403541960677,0.7799625044473967,0.34692837795012066,1.0459372819768378,0.7929909740019397,0.11456894874572754
Random,EState,Random Forest,0.5802413059750753,0.8118649229576521,0.5847682665289841,0.3831518588857621,0.9841766523844319,0.745593014170749,0.3932712708751731,1.0081438774556315,0.7646853736782062,18.410992860794067
Random,EState,Extra Trees,0.59607961085432,0.7964010353343484,0.5357640203568091,0.31312187191248786,1.0385412993918979,0.7775675025587395,0.3442637991421932,1.0480688593068854,0.7941389291470605,7.54987645149231
Random,EState,Gradient Boosting,0.45681923598041374,0.9235408687554255,0.7134783899862405,0.35255300330836337,1.0082913425087139,0.7864332597657275,0.388434248315892,1.0121545118099042,0.7878428034919233,10.627660989761353
Random,EState,XGBoost,0.5820870875643522,0.8100779721135705,0.5700638922905645,0.3592624854250507,1.0030532837492423,0.7578759424322895,0.3898722848004177,1.0109638207481402,0.7662741476446709,6.970146894454956
Random,EState,Hist Gradient Boosting,0.557427379829512,0.8336354974468593,0.6135475762421151,0.3775190016485278,0.98866003150887,0.755523848562558,0.3997873085372783,1.0027157215668603,0.7623371821656172,12.90239930152893
Random,EState,AdaBoost,0.2215389635533146,1.105611043293064,0.9071125599571352,0.19194701736090125,1.126429061820692,0.9211909603503208,0.25525662268846927,1.1169367025341137,0.9046677592089555,0.5175800323486328
Random,EState,MLP,0.5132706127756599,0.8742340390259887,0.6639119516134112,0.34929526048933324,1.0108248566856457,0.7846815334896009,0.4016502545913315,1.0011583927561265,0.7812925427263443,36.09389925003052
Kennard-Stone,MACCS,Ridge,0.42428817674792463,0.950574331753058,0.7495113769880335,0.3753984829792405,0.9901136001338201,0.780725543867114,0.19422353237958,1.1109441569002498,0.8759856985827195,0.07827544212341309
Kennard-Stone,MACCS,Lasso,0.10756848978481337,1.1835073425892413,0.9714587299370776,0.10280294349716235,1.1866630747525284,0.9736854489470056,-0.08701582610034575,1.2903361741104522,1.0308715305437635,0.5546605587005615
Kennard-Stone,MACCS,ElasticNet,0.183575861165306,1.1319869679596515,0.9281032138662076,0.1777630127804779,1.1360096306166874,0.9314089519864038,-0.0494786559484548,1.2678612961494182,1.0018483204892261,0.4750535488128662
Kennard-Stone,MACCS,Bayesian Ridge,0.4163593575111336,0.9570976988949438,0.7592048156760299,0.37622035227506967,0.9894619752109265,0.7859259426599514,0.17880886054667722,1.121520113132255,0.8815173612822922,1.324176549911499
Kennard-Stone,MACCS,PLS,0.41215319583891796,0.9605402972166875,0.7597922633113636,0.37094730365868467,0.9936353248354903,0.7869945179115898,0.1868920062197611,1.1159867916928763,0.8767018954589819,0.22687244415283203
Kennard-Stone,MACCS,KNN,0.6598172819070314,0.7307008828681194,0.5460365863330322,0.4844330814172507,0.8995514960013999,0.6791548960416462,0.39913363259371126,0.9593429470453566,0.7342821887205574,0.03914594650268555
Kennard-Stone,MACCS,SVR (RBF),0.6216282031438443,0.7706246334211319,0.5410800038865693,0.5095224491825013,0.8773907992874928,0.6572342539370318,0.3272067082953458,1.0151395901048001,0.7644913124801976,0.2672157287597656
Kennard-Stone,MACCS,Kernel Ridge (RBF),0.463015176071633,0.9180461520976698,0.7275286256436719,0.41528708114430946,0.957976495048451,0.7609834835763293,0.22701791640616475,1.0881021115606306,0.8500400211289975,5.960879325866699
Kennard-Stone,MACCS,Decision Tree,0.8747235028509277,0.44342309553120834,0.2187658329324996,0.36581820753106,0.9976779945145327,0.7298145969770811,0.45315585529509683,0.9152014980440376,0.6707407539376524,0.45470118522644043
Kennard-Stone,MACCS,Random Forest,0.8297787320446457,0.5168808226461395,0.36611953171633255,0.5557083730089647,0.8350597920422428,0.6356461483775108,0.4761130708693121,0.8957848655532884,0.6771909684061591,26.937609434127808
Kennard-Stone,MACCS,Extra Trees,0.8747235028509277,0.44342309553120834,0.21876583293251978,0.3940419712403984,0.9752248984130651,0.7137257221366432,0.4522353135224587,0.915971486132424,0.6713832476719905,26.508581161499023
Kennard-Stone,MACCS,Gradient Boosting,0.682005578520537,0.7064692433817487,0.5375351067528183,0.5311040152631719,0.8578705627062939,0.6591819947484533,0.4071494845330128,0.9529224092341055,0.7349575606219169,37.24654674530029
Kennard-Stone,MACCS,XGBoost,0.859623194838902,0.4693871387058778,0.2878910277092784,0.5438329788457746,0.846146282821519,0.634206854842958,0.4899021286127465,0.8839174237813396,0.6602569978233453,7.34420919418335
Kennard-Stone,MACCS,Hist Gradient Boosting,0.825373958663639,0.5235257083780418,0.3634057206820479,0.5575732994581346,0.8333053556925212,0.6278709144215671,0.49169527974187577,0.8823624350156399,0.6685043182954609,17.71431851387024
Kennard-Stone,MACCS,AdaBoost,0.32800291286048877,1.026992338978423,0.8475209443352415,0.31317151566350465,1.0382636695904606,0.8581466906937384,0.15672287228924875,1.1365017262316501,0.9010042931005096,2.3506362438201904
Kennard-Stone,MACCS,MLP,0.6935396034759826,0.6935386811112276,0.5197875145076845,0.5183865589463419,0.8694263694487268,0.6692007197560801,0.41820897445990257,0.9439922917301048,0.7288832783701881,34.40164375305176
Kennard-Stone,PubChem,Ridge,0.5347508879832265,0.8545279752803648,0.6624829412561704,0.431247342511065,0.9448116247364244,0.7330376376562132,0.2633431087692282,1.0622275647097374,0.8254407513831648,0.11459636688232422
Kennard-Stone,PubChem,Lasso,0.15069765276079106,1.1545551180718132,0.9493761651143253,0.14625321937908464,1.1575720929457807,0.9514287007122214,-0.09429767524743227,1.2946508996990198,1.0339165267575567,8.12024998664856
Kennard-Stone,PubChem,ElasticNet,0.2479595853730946,1.086435877012749,0.8915310853473724,0.2411520315342338,1.0913420686358553,0.8951741488279201,-0.032905436637140406,1.2578105144883671,0.9961614298783507,5.595142126083374
Kennard-Stone,PubChem,Bayesian Ridge,0.499184600026368,0.8865890151448945,0.6921228216450165,0.42834962493892703,0.9472154103629137,0.7401784712537771,0.22436022487391938,1.0899710800591722,0.8444744610948628,6.88164210319519
Kennard-Stone,PubChem,PLS,0.45234527470835306,0.9271220886477022,0.7237812882310835,0.38784706537430114,0.9801972427993044,0.7648233192701832,0.18784528460764127,1.1153324148505979,0.8600901489621736,0.47958970069885254
Kennard-Stone,PubChem,KNN,0.6729423315450301,0.7164661503377316,0.5349535897659992,0.4972913266484056,0.8882632567678211,0.6734195295267806,0.4225314309072018,0.9404790262168269,0.7300175477690424,0.060781002044677734
Kennard-Stone,PubChem,SVR (RBF),0.6195147094711088,0.7727738980261294,0.5422290783240395,0.5131636266094683,0.8741279721716128,0.6509902299625935,0.2736911355375481,1.0547404735545538,0.7846732263818875,0.3062565326690674
Kennard-Stone,PubChem,Kernel Ridge (RBF),0.476722535218167,0.9062531406697445,0.7149610038694941,0.42794831450867066,0.9475478344717138,0.7486771084175826,0.18538742839385958,1.1170188273901216,0.8584162213189169,3.4995052814483643
Kennard-Stone,PubChem,Decision Tree,0.9016420916889382,0.3929055385587013,0.17958985189694066,0.3279532063413436,1.027030320743064,0.7349346035539731,0.46572143969071045,0.9046254729527727,0.667277486550278,1.1008996963500977
Kennard-Stone,PubChem,Random Forest,0.8452906635045428,0.49276717525703817,0.35223661693739966,0.5844080796276969,0.8076385799577478,0.6101036209521127,0.49643033003297654,0.8782430496298648,0.6672538022304124,39.521849393844604
Kennard-Stone,PubChem,Extra Trees,0.9016420916889382,0.3929055385587013,0.1795898518969634,0.37003163269044304,0.9943582469104147,0.7199036217029133,0.46650668826553754,0.9039604480789468,0.6670082426070852,65.21270942687988
Kennard-Stone,PubChem,Gradient Boosting,0.7311130360852993,0.6496334551888595,0.4889429441148304,0.5666700428627723,0.8246940582757075,0.6290340497445474,0.4328444810048757,0.9320431531705656,0.7168100644962142,100.35047197341919
Kennard-Stone,PubChem,XGBoost,0.8833104155400144,0.42795642930687533,0.2623184893682864,0.5589469365730471,0.8320107355626742,0.6174074896293629,0.4922370916501496,0.8818920459745642,0.661293094171546,8.006149530410767
Kennard-Stone,PubChem,Hist Gradient Boosting,0.8501769940294052,0.48492297599220696,0.33057653011874183,0.5872312735067466,0.8048906850715637,0.6021872629335012,0.5071359839904641,0.8688573811726837,0.6607469931304966,28.16190528869629
Kennard-Stone,PubChem,AdaBoost,0.33303899711267027,1.0231368561420975,0.8517963397404816,0.3021339873149913,1.0465730149354857,0.8669155862682629,0.10579339617598205,1.1703179754332644,0.9361764965060669,5.813470840454102
Kennard-Stone,PubChem,MLP,0.6911293215020198,0.6962606475897026,0.5212702101395073,0.5311316179325531,0.8578453120464642,0.6523691430841863,0.42859693862072423,0.9355267727899071,0.7195405721727028,46.14817786216736
Kennard-Stone,Substructure,Ridge,0.27488377294469857,1.0668105961755512,0.8506602879827443,0.25116398495696535,1.084118786728064,0.8646023781842024,0.04202067554721678,1.211331489508566,0.945537696496472,0.05376577377319336
Kennard-Stone,Substructure,Lasso,0.11622073239899122,1.1777562383764824,0.9647981447125353,0.11265536967601142,1.1801295129083584,0.966294154821307,-0.09579661646255566,1.2955372862569468,1.0342701482141143,0.10117197036743164
Kennard-Stone,Substructure,ElasticNet,0.16078655036818335,1.1476771271338015,0.9407645976845033,0.15730649508721717,1.150054262442438,0.9424120537036311,-0.08727545041979012,1.2904902577227981,1.0287867365726808,0.14435410499572754
Kennard-Stone,Substructure,Bayesian Ridge,0.2738426646057168,1.0675761748401478,0.8527674895892526,0.2532191093843025,1.0826301231880298,0.8649930435330206,0.04346342569929451,1.210418992157658,0.9456264315893234,0.0813896656036377
Kennard-Stone,Substructure,PLS,0.2746640452629897,1.0669722185853532,0.8504764515943876,0.25167786556574745,1.0837467404983154,0.8638295610975859,0.04181218651861729,1.211463295895076,0.9441565733736752,0.12932562828063965
Kennard-Stone,Substructure,KNN,0.5194228422212149,0.8684904973322224,0.6496279643317036,0.3645357237716996,0.9986862697586764,0.7654954670483587,0.26416637511582297,1.061633841443603,0.8415494486545517,0.034224748611450195
Kennard-Stone,Substructure,SVR (RBF),0.5139349776561699,0.8734352067459604,0.6435475368334618,0.4287967735542938,0.9468448788849301,0.7265853098722075,0.17494110134384755,1.1241581555241011,0.8341115459745349,0.24530887603759766
Kennard-Stone,Substructure,Kernel Ridge (RBF),0.36661700231562155,0.9970494751402359,0.7941830131441673,0.3303820695475318,1.0251727312577694,0.8176123664597421,0.131589393673483,1.153313826791554,0.8891437255916244,3.480010986328125
Kennard-Stone,Substructure,Decision Tree,0.6983136920726623,0.6881154495062018,0.44889698049928156,0.36639779711786813,0.9972219928123375,0.739578839949172,0.3403173824448952,1.005199952788357,0.7535320201702358,0.16019415855407715
Kennard-Stone,Substructure,Random Forest,0.6762409498264532,0.7128439487505785,0.5132697484927891,0.46090400964983425,0.9198490400865353,0.6930263189469007,0.34569492221700193,1.0010945210777213,0.7560489320339571,20.15588355064392
Kennard-Stone,Substructure,Extra Trees,0.6983136920726623,0.6881154495062018,0.44889698049928894,0.38909683010530083,0.9791961516029758,0.7293382595884522,0.3403173824449036,1.0051999527883506,0.7535320201702316,9.203033447265625
Kennard-Stone,Substructure,Gradient Boosting,0.5515603549010619,0.8389488995829402,0.6452585709079252,0.4340328401238043,0.9424951513838177,0.7296671585693829,0.26643853807511975,1.0599934773467794,0.8084845451729131,14.58696722984314
Kennard-Stone,Substructure,XGBoost,0.6851028815056146,0.7030202778281117,0.48510137763374295,0.44460968303345094,0.9336469020265992,0.7032049060292173,0.34001861255513655,1.0054275542702689,0.7578619410402949,6.811621189117432
Kennard-Stone,Substructure,Hist Gradient Boosting,0.6515887795385836,0.7394853508433556,0.5445701873689789,0.4617516528487189,0.9191255970186873,0.6990540421912333,0.3335381707262708,1.010351707083569,0.7688161850421724,13.866598844528198
Kennard-Stone,Substructure,AdaBoost,0.2556432567618656,1.0808715161448033,0.8925332299912233,0.23666124247955767,1.0945665336829042,0.9005371313349251,0.06872399583489353,1.1943294616112026,0.948325016328344,0.7248423099517822
Kennard-Stone,Substructure,MLP,0.5991034776678923,0.7932309537844698,0.5955068899035855,0.4408389457349805,0.9368109667863884,0.7287669324370288,0.27327212816543744,1.0550446694240638,0.8135979358597064,42.539188861846924
Kennard-Stone,SubstructureCount,Ridge,0.27116574957708794,1.0695421274264894,0.8629644867705291,0.2474839513009972,1.086779385307646,0.8764278669903174,0.03178831633994583,1.217783537296729,0.9598141478797904,0.05444765090942383
Kennard-Stone,SubstructureCount,Lasso,0.12228399722363847,1.1737092221044825,0.962697428201471,0.11458647454057624,1.1788446710198868,0.9664832397867361,-0.1199732789222605,1.3097510935497991,1.0487343153900626,0.19795989990234375
Kennard-Stone,SubstructureCount,ElasticNet,0.16171012795608575,1.1470454280916351,0.9368453601196787,0.15176198298620636,1.1538314575634727,0.9419755814439004,-0.06406848911956331,1.2766437703832085,1.0139199015513456,0.49749183654785156
Kennard-Stone,SubstructureCount,Bayesian Ridge,0.26819252808124516,1.0717214632052123,0.8660144693760875,0.24650683502919457,1.0874847292889,0.878271836110409,0.029536561836921882,1.2191988048037972,0.9594597188276015,0.11220788955688477
Kennard-Stone,SubstructureCount,PLS,0.26752879145546615,1.0722073693996221,0.8668733632831026,0.2427545567643844,1.0901891186535217,0.8806770472953062,0.03677651187882436,1.2146424955740582,0.9567558551733142,0.1309659481048584
Kennard-Stone,SubstructureCount,KNN,0.6399082739244606,0.7517788093372619,0.5592573419151654,0.44988230500486803,0.9292045248056562,0.7055484585557894,0.4447242392821996,0.9222301091683985,0.7043422987421538,0.03449749946594238
Kennard-Stone,SubstructureCount,SVR (RBF),0.34221514993408564,1.0160742421748141,0.7918501558872644,0.3123950238718729,1.0388504066736264,0.8170907301143592,0.1036334478605917,1.171730569393021,0.8981857538923244,0.2139601707458496
Kennard-Stone,SubstructureCount,Kernel Ridge (RBF),0.5381765940471455,0.8513761473849337,0.6562196362030749,0.2817569144361709,1.061742582280338,0.785950758371336,0.23910991021748074,1.079557808442772,0.806130210085076,4.346055269241333
Kennard-Stone,SubstructureCount,Decision Tree,0.8891225916308686,0.4171622889727058,0.2043760622093955,0.30460109486228615,1.0447214458884575,0.7634969593898164,0.46766425286566005,0.9029792166188891,0.6512933275649441,0.28964900970458984
Kennard-Stone,SubstructureCount,Random Forest,0.8374463956282348,0.5051051662296473,0.3653298683015127,0.5267690818849673,0.8618269371219656,0.6499902247442196,0.5313365269572154,0.8472576375552143,0.6393194073307044,22.130435705184937
Kennard-Stone,SubstructureCount,Extra Trees,0.8891225916308686,0.4171622889727058,0.20437606220941684,0.4633830607719538,0.917731624588386,0.6780145874218384,0.4752718484444427,0.8965037726454317,0.641614409018582,12.791734218597412
Kennard-Stone,SubstructureCount,Gradient Boosting,0.6702338916153877,0.7194266444986935,0.5459875024987383,0.5102088022724836,0.8767766929885745,0.6765426367524751,0.4110986672658248,0.9497432327895279,0.7359198862318963,23.097378730773926
Kennard-Stone,SubstructureCount,XGBoost,0.8429051581034221,0.4965516980679046,0.3335306390151776,0.5241011236049183,0.8642529056944943,0.6458590188402578,0.5144687994709287,0.862369743498172,0.6444889801620426,6.5987162590026855
Kennard-Stone,SubstructureCount,Hist Gradient Boosting,0.8273398222578975,0.5205705561645593,0.36578735149574154,0.539802879533076,0.8498757884429405,0.636918162619076,0.5346739781333468,0.8442354976889758,0.635389892950072,13.530357360839844
Kennard-Stone,SubstructureCount,AdaBoost,0.31684123994592306,1.035486233502196,0.8600284381529825,0.29016241761407635,1.0555115824683563,0.8717142071257129,0.1449360738212433,1.144416818104297,0.9153952370050704,1.5618152618408203
Kennard-Stone,SubstructureCount,MLP,0.634433559385841,0.7574721482393346,0.5691181302802272,0.4274742367801865,0.9479403849229617,0.721362569710565,0.3755972113444689,0.9779515878681427,0.7468892943294281,45.8704469203949
Kennard-Stone,KR,Ridge,0.47337433160582154,0.9091478589762201,0.7158202698264,0.41142142222558575,0.9611379694560341,0.7565275057739452,0.27439131394035043,1.0542319539656912,0.8055937512112427,0.08530354499816895
Kennard-Stone,KR,Lasso,0.08106863067992343,1.2009503338795795,0.9898935916927241,0.07753621062786442,1.2032563776883918,0.991222443336131,-0.05036800657452245,1.268398388757191,1.0157057184728577,0.2478477954864502
Kennard-Stone,KR,ElasticNet,0.16006285596969394,1.1481718692795952,0.9474166525308189,0.1525477881165468,1.1532968807430628,0.9508008751160483,-0.05951821639419408,1.2739111920591484,1.01655752140805,0.6939032077789307
Kennard-Stone,KR,Bayesian Ridge,0.4563721479225614,0.9237072625229521,0.7298659191420583,0.40814312070348147,0.9638109555651764,0.7622934856855164,0.24414923095107033,1.0759769525151452,0.8241696405553037,1.7739291191101074
Kennard-Stone,KR,PLS,0.4366398246286268,0.9403219632260494,0.7437464573977529,0.3936934944522402,0.9755052762434118,0.7713601245703429,0.22805064016208165,1.0873750025498325,0.8394381503531654,0.2884953022003174
Kennard-Stone,KR,KNN,0.6504879394362977,0.7406526684743384,0.5629970557326134,0.46877120988439225,0.9131125471696265,0.7013209192634718,0.40725103276265906,0.9528407936115652,0.7293267611646898,0.0523226261138916
Kennard-Stone,KR,SVR (RBF),0.616037397123453,0.776297115024986,0.5465292512894594,0.504418164389441,0.8819443830262226,0.6644970022250162,0.3184189082479971,1.0217477878136556,0.7448845426853324,0.3092024326324463
Kennard-Stone,KR,Kernel Ridge (RBF),0.44650556025621746,0.9320519938971495,0.7421148899375338,0.4053678144793741,0.9660680402167552,0.7705182100357596,0.22815979809212317,1.0872981193972684,0.8376385960686082,3.435077428817749
Kennard-Stone,KR,Decision Tree,0.8966722939806161,0.4027095256617966,0.17626331994206645,0.31612928878826296,1.0360256569087463,0.7568158718929374,0.469826934538201,0.9011431159208826,0.6517455296896086,0.5734319686889648
Kennard-Stone,KR,Random Forest,0.8079773145278163,0.5489841149717859,0.3981384144223843,0.5423722557256527,0.847499951000117,0.6434618437961066,0.4836165015519681,0.8893467389264057,0.6694821242236738,29.8513286113739
Kennard-Stone,KR,Extra Trees,0.8966722939806161,0.4027095256617966,0.17626331994209068,0.3475076055539702,1.0119783829444817,0.7429551744693738,0.47145404230249455,0.8997592435817305,0.6488562966069054,33.457807540893555
Kennard-Stone,KR,Gradient Boosting,0.7030331205615064,0.6827119683039203,0.5176758806071636,0.5471373350245313,0.8430760801227948,0.6443572025783865,0.4455263703128778,0.9215637585123865,0.6977564941413705,47.83990955352783
Kennard-Stone,KR,XGBoost,0.8641753953469875,0.4617136705337147,0.2900469525093181,0.529895641016255,0.8589752444735055,0.6397773692021868,0.5025527407295447,0.8728878739829209,0.6422281639831193,7.224362850189209
Kennard-Stone,KR,Hist Gradient Boosting,0.8204221330783329,0.5308965620007977,0.3743792842904187,0.5535850383423233,0.8370528500418802,0.634779085333289,0.5189540388759474,0.858377302795111,0.6441508344727698,20.759844541549683
Kennard-Stone,KR,AdaBoost,0.2727725886544886,1.0683624831133192,0.8974844668823236,0.2540514338239316,1.0820266324305619,0.9028000020141417,0.1541095618687215,1.1382613697923154,0.9186424466697475,3.7950210571289062
Kennard-Stone,KR,MLP,0.7686642522117455,0.6025663608524967,0.4269955103004019,0.5130133373293142,0.8742628860087979,0.6755610412436647,0.4717631881975972,0.8994960710439526,0.6872624930397596,43.821462631225586
Kennard-Stone,KR_Count,Ridge,0.4678265898642654,0.9139240254908532,0.7198527817519712,0.38464344504654435,0.9827587612718469,0.7724627111378973,0.3029486582446106,1.0332783335789448,0.8088411535239616,0.08666872978210449
Kennard-Stone,KR_Count,Lasso,0.10023543263908752,1.188359799949715,0.9759841638196254,0.0874674489821885,1.1967617253956095,0.9820013922791805,0.039714913733773116,1.212788391132682,0.963070287493906,4.704643487930298
Kennard-Stone,KR_Count,ElasticNet,0.20995806846676734,1.1135470704355193,0.9093385953302278,0.1920543090778235,1.1260938668979388,0.9192867354291628,0.11839970905357777,1.1620392612343484,0.9151137844249135,6.166918754577637
Kennard-Stone,KR_Count,Bayesian Ridge,0.4492654503616361,0.9297253438422338,0.7357073289615252,0.3958672119464366,0.9737550254637619,0.7708497147709203,0.29174773718437763,1.0415471251810302,0.8162364198154533,1.6824815273284912
Kennard-Stone,KR_Count,PLS,0.4170539995642851,0.9565279662536129,0.7537406130144476,0.3720109164919678,0.9927949418283124,0.7827423773190749,0.24332389340366,1.0765642390052435,0.8349022666034907,0.2915356159210205
Kennard-Stone,KR_Count,KNN,0.6403273658380404,0.7513412039688179,0.5727861102261527,0.4469077521358482,0.9317132986555786,0.7180784062481432,0.44390934691729833,0.9229065683334945,0.7260139837514274,0.05091547966003418
Kennard-Stone,KR_Count,SVR (RBF),0.19184285956456926,1.126241213697064,0.8938803217063562,0.16719700874897803,1.1432853719564438,0.9120964717002601,0.14895238804990807,1.141725938815655,0.8835502799175594,0.23572707176208496
Kennard-Stone,KR_Count,Kernel Ridge (RBF),0.44070222403121984,0.9369254906449742,0.7316858435592957,0.04964011094761467,1.221314625009247,0.8867075370461546,0.17887692223885443,1.1214736354398207,0.8512785596289547,3.4770474433898926
Kennard-Stone,KR_Count,Decision Tree,0.9412761168267281,0.30359239735754023,0.12021033750200417,0.2751848060642117,1.0665891291557639,0.7791289009711628,0.4636647584196927,0.906364958064585,0.6557058867406611,0.953876256942749
Kennard-Stone,KR_Count,Random Forest,0.8275349405325905,0.5202763321504916,0.39378494942056386,0.5558640440133602,0.8349134850025203,0.6444783316121874,0.5515228908341796,0.828810185630678,0.6453686866368723,29.77352213859558
Kennard-Stone,KR_Count,Extra Trees,0.9412761168267281,0.30359239735754023,0.12021033750203214,0.48857397078961273,0.8959317400504194,0.6702072425101361,0.5169049759843882,0.8602035316582919,0.6245670383697383,39.07395792007446
Kennard-Stone,KR_Count,Gradient Boosting,0.7269146190109506,0.6546855185063534,0.5010568036689796,0.5312159576571817,0.8577681542618506,0.6627819490548643,0.5204604701025398,0.8570322127049775,0.6667277397620699,68.10813879966736
Kennard-Stone,KR_Count,XGBoost,0.8925975045895425,0.41057329175889995,0.2827911613562062,0.5583438497540645,0.8325793783605053,0.6324762169981071,0.5711655250987794,0.8104566407338678,0.6165981486202468,7.39261269569397
Kennard-Stone,KR_Count,Hist Gradient Boosting,0.8759739544393329,0.4412045241567206,0.31273659005233556,0.5652359692091254,0.8260575632977718,0.629474112259087,0.569708895879045,0.8118319196662345,0.6244621454204226,20.94511580467224
Kennard-Stone,KR_Count,AdaBoost,0.25257772149416235,1.083094942806738,0.9120145446865767,0.23929406498361827,1.0926772751046396,0.9134379269803085,0.1784980129744006,1.1217323589802355,0.9100577405719925,9.017484664916992
Kennard-Stone,KR_Count,MLP,0.771987529906302,0.5982225893970677,0.41868007436424787,0.4743190083410773,0.9083320647729444,0.6919739430944986,0.45599108374079733,0.9128258875326164,0.6921165394660667,49.57506465911865
Kennard-Stone,AtomPairs2D,Ridge,0.6148473667411412,0.7774991884132315,0.6060290921808952,0.4006614917755591,0.9698835645130333,0.7528762596177617,0.37263622067146573,0.9802676254927359,0.7669042837712259,0.17728662490844727
Kennard-Stone,AtomPairs2D,Lasso,0.10228581175970419,1.187005013422659,0.9728941971213271,0.095377103833576,1.191563788148636,0.9763262186408216,-0.08127810166652294,1.2869262011817848,1.0281949872625715,1.8231096267700195
Kennard-Stone,AtomPairs2D,ElasticNet,0.21895589826313877,1.1071877884756929,0.9052662092642808,0.20653850987490097,1.1159543654165769,0.9120826641603867,-0.04603611080300807,1.2657801414244385,1.0061726809805653,2.843944549560547
Kennard-Stone,AtomPairs2D,Bayesian Ridge,0.5794314484385552,0.8124598457484885,0.6336625006695445,0.46339074584766027,0.917725052989775,0.7160692173417456,0.3402528733584803,1.005249099865842,0.7835255082949121,3.654618740081787
Kennard-Stone,AtomPairs2D,PLS,0.5910667188277023,0.8011424370946754,0.6240483691004632,0.43983921692009087,0.9376480589486068,0.7305064763696303,0.3597727393582736,0.9902663469878621,0.7721119113922257,0.8229525089263916
Kennard-Stone,AtomPairs2D,KNN,0.7170393692001771,0.6664176888753554,0.49960180885760813,0.5553149960254751,0.835429392325072,0.6290914980065885,0.4971751236351285,0.8775933363089321,0.6870005062113287,0.07207846641540527
Kennard-Stone,AtomPairs2D,SVR (RBF),0.7608109676142011,0.612708830605313,0.4008614066519836,0.5751114381963917,0.8166219112755897,0.6174875461372864,0.46802854855163845,0.9026701938523577,0.661563561091575,0.36336708068847656
Kennard-Stone,AtomPairs2D,Kernel Ridge (RBF),0.5660700308116315,0.8252648187239316,0.6491682847991824,0.47653971421563346,0.906411438752533,0.7148271445208689,0.33339842437925227,1.0104576287983387,0.781352820777866,4.094791650772095
Kennard-Stone,AtomPairs2D,Decision Tree,0.9630433420883379,0.240840684914033,0.0820535113035113,0.16789010761982204,1.142809524278331,0.8457907647907649,0.4627324791092441,0.9071523559033273,0.6498186686955485,2.6206650733947754
Kennard-Stone,AtomPairs2D,Random Forest,0.9092865431136846,0.37732828985362626,0.28469770419913,0.5821359988070234,0.8098432894487206,0.6286743207833353,0.5649414985625087,0.8163168648227176,0.6231779083646216,58.467134952545166
Kennard-Stone,AtomPairs2D,Extra Trees,0.9630433420883379,0.240840684914033,0.0820535113035425,0.24954185620103564,1.0852923607111176,0.8098020256132772,0.4684748991203944,0.9022914217362584,0.6462870584198644,150.91173386573792
Kennard-Stone,AtomPairs2D,Gradient Boosting,0.8328879732858743,0.5121384253047742,0.3871654881790855,0.5824045504246446,0.8095830137619835,0.6220755841855553,0.5488441088077928,0.8312817681222806,0.6425204709638683,186.2660026550293
Kennard-Stone,AtomPairs2D,XGBoost,0.9620911043390005,0.24392374272198988,0.10431426494932335,0.5653760848653664,0.8259244417463845,0.6259424614525575,0.5149463395505247,0.8619455509592698,0.6251005882322824,9.134222507476807
Kennard-Stone,AtomPairs2D,Hist Gradient Boosting,0.9559880843493415,0.2628261931298685,0.14487003866869638,0.5781601340689508,0.8136868900458112,0.6202553946713713,0.5455014977625203,0.8343555657822314,0.6193028821758922,40.08831739425659
Kennard-Stone,AtomPairs2D,AdaBoost,0.3556719995465144,1.005627198854125,0.853973662432869,0.3076080763770198,1.0424602534868075,0.8690820277803819,0.26130639592210503,1.063694977311025,0.8681602195889925,172.26882028579712
Kennard-Stone,AtomPairs2D,MLP,0.7229981510214554,0.6593634091223091,0.5026708074911905,0.539036873642435,0.8505828106648499,0.6545638597856753,0.4739551419290683,0.8976278716331146,0.704323180782893,36.81618022918701
Kennard-Stone,AP2D_Count,Ridge,0.6197799928191519,0.7725044529280753,0.6010223339336775,0.383208436032758,0.9839039887355719,0.7466181460651656,0.27631312272378616,1.0528349368421506,0.7759817941548189,0.1507267951965332
Kennard-Stone,AP2D_Count,Lasso,0.30444580936973464,1.0448380847179495,0.8350689076446123,0.28466003817237306,1.0595946387886315,0.8473683780094016,0.0021763739676033955,1.2362657301042468,0.970082907690924,5.059372186660767
Kennard-Stone,AP2D_Count,ElasticNet,0.3732553690293622,0.991810769572422,0.786787504960391,0.34467743328255895,1.0141707258635586,0.8044753743465731,0.1115569584960664,1.1665402664080604,0.902057086107113,11.505606174468994
Kennard-Stone,AP2D_Count,Bayesian Ridge,0.5609502898725239,0.8301190034206285,0.6493268718669024,0.4611020713288869,0.9196800501613945,0.7191979473218602,0.3527085894488361,0.9957145679719603,0.7800317713007578,5.4022533893585205
Kennard-Stone,AP2D_Count,PLS,0.543790100655464,0.8461860493621988,0.6598058019037575,0.437259467247903,0.9398046885796182,0.731657205610027,0.3501607736889001,0.9976722687433665,0.7885115388222108,2.0395050048828125
Kennard-Stone,AP2D_Count,KNN,0.7115367654512305,0.6728662466832194,0.5062069608845237,0.5333598921634695,0.8558044502780507,0.6475429656573245,0.4673814681722037,0.9032190227939274,0.6989466631038332,0.07242608070373535
Kennard-Stone,AP2D_Count,SVR (RBF),0.6131199128466085,0.7792408244169704,0.5525944102458394,0.5136069958988365,0.8737298406855862,0.6588358892690338,0.34964933700861733,0.9980647857063599,0.7450984219165133,0.33301568031311035
Kennard-Stone,AP2D_Count,Kernel Ridge (RBF),0.5332900238942534,0.8558685160717159,0.6533366306574673,-0.14806193346899144,1.3423512366556745,0.9485507814017237,0.16552336342070606,1.1305558723307942,0.7888783963679458,4.085634469985962
Kennard-Stone,AP2D_Count,Decision Tree,0.9630433420883379,0.240840684914033,0.08205351130351131,0.27181346276220786,1.0690667720773444,0.7910521584896585,0.4875728617656423,0.8859332472582914,0.6388203395393245,3.2396881580352783
Kennard-Stone,AP2D_Count,Random Forest,0.8938898101043573,0.4080957336120639,0.3077223618008759,0.6070260143871362,0.7853539084643558,0.6029243629913367,0.56643971757445,0.8149100698802947,0.6265408491971656,51.338165283203125
Kennard-Stone,AP2D_Count,Extra Trees,0.9630433420883379,0.240840684914033,0.0820535113035425,0.5897317030775846,0.8024490882423971,0.6046387488576243,0.510352638820246,0.8660174606271286,0.6238489143095881,128.91656827926636
Kennard-Stone,AP2D_Count,Gradient Boosting,0.8372091385908967,0.5054736479352561,0.3794775456455439,0.5945190174992134,0.7977535651240333,0.6065350167025283,0.5615446946055012,0.8194974450743465,0.6330696893043272,230.07500433921814
Kennard-Stone,AP2D_Count,XGBoost,0.9556773063080071,0.2637524982436456,0.14671599009772116,0.5916798632184452,0.8005416052700914,0.6053282522877688,0.5436349245346174,0.836067111615555,0.6175877647545588,8.994215250015259
Kennard-Stone,AP2D_Count,Hist Gradient Boosting,0.9538208813385973,0.26921938552421215,0.15591251619400773,0.5997117410993771,0.7926289573705282,0.5983183961758868,0.5598402471039032,0.8210887538348414,0.6103358670021117,36.60144019126892
Kennard-Stone,AP2D_Count,AdaBoost,0.3823937016009633,0.9845536052015703,0.830123783385913,0.3357372229204133,1.021065181776403,0.845308603084481,0.23029410622265312,1.085793769341767,0.8799693845072334,181.3866105079651
Kennard-Stone,AP2D_Count,MLP,0.8101492312740032,0.5458705803023542,0.40139962069101776,0.4882382228645328,0.8962257785352152,0.6819523551478989,0.49182954820008584,0.8822458895029582,0.6625349801797998,41.864943981170654
Kennard-Stone,CDK_FP,Ridge,0.7725343161378083,0.5975048738015049,0.45832521198803905,0.2776557588149612,1.0647695333805223,0.7930360820601913,0.48154892363387203,0.8911254138326473,0.6951846284430413,0.30631208419799805
Kennard-Stone,CDK_FP,Lasso,0.1286724395909048,1.1694300091168892,0.9531417789532624,0.12188301127985046,1.1739772969474185,0.9569759611957287,0.025454842656279064,1.2217600581583201,0.9688484665408227,3.2079389095306396
Kennard-Stone,CDK_FP,ElasticNet,0.30867427921810997,1.0416573106296287,0.8473775249731662,0.28421567856070307,1.0599236907010097,0.8624240269447646,0.12372587758843956,1.1585237262678887,0.9057767008323774,8.29473352432251
Kennard-Stone,CDK_FP,Bayesian Ridge,0.6865729441582188,0.7013773716313222,0.5388946989673213,0.526651670457603,0.8619338427058739,0.6614401212190424,0.42132506704745976,0.9414608701190267,0.7273348037882712,7.496196746826172
Kennard-Stone,CDK_FP,PLS,0.6594991973721684,0.7310424204182026,0.5643048869654733,0.4937789854750343,0.891360928643711,0.6846128434252202,0.3968258996115791,0.9611834442234498,0.7401709447657282,1.5965235233306885
Kennard-Stone,CDK_FP,KNN,0.706254769786621,0.6789986648547907,0.503106194339732,0.5457589064644878,0.8443581875491589,0.6348074028983949,0.45384116083379256,0.9146278526237469,0.704849884008391,0.11687755584716797
Kennard-Stone,CDK_FP,SVR (RBF),0.77117190909227,0.5992915818912739,0.3903956567054187,0.5884584438474969,0.803693315760678,0.599365398840012,0.4342170236577443,0.9309146761923153,0.6744569074642346,0.40633440017700195
Kennard-Stone,CDK_FP,Kernel Ridge (RBF),0.6208070925465302,0.7714603525938059,0.5985224665021193,0.5195624908571366,0.8683643028976964,0.6755388418526521,0.36384949403559164,0.9871084681853779,0.7593283907273762,7.72627592086792
Kennard-Stone,CDK_FP,Decision Tree,0.9513175228090625,0.2764202421982358,0.09562717747031474,0.3182923197795908,1.034385924158231,0.7543393453838528,0.4860352839092502,0.8872614078213592,0.6452987496168058,5.865689277648926
Kennard-Stone,CDK_FP,Random Forest,0.9090236267094426,0.3778747028230732,0.2699291442038062,0.5989787626556327,0.7933543274107575,0.6079124540101455,0.5450429616366486,0.834776343540869,0.6310469974386249,103.15696740150452
Kennard-Stone,CDK_FP,Extra Trees,0.9513175228090625,0.2764202421982358,0.09562717747034509,0.3707794385215245,0.9937678937005135,0.7262257601151967,0.48766436379973077,0.8858541449749487,0.6442324129417869,328.6399886608124
Kennard-Stone,CDK_FP,Gradient Boosting,0.8334909454539631,0.5112136436373437,0.38009721416771286,0.6008606965004392,0.7914905905340608,0.5996894314303979,0.5365875604927722,0.8424978144385106,0.6453944328968136,477.22110891342163
Kennard-Stone,CDK_FP,XGBoost,0.949379646076273,0.28186820985856725,0.12440671507655111,0.5721341480094981,0.8194780437720792,0.6114897091284345,0.516092518133805,0.8609265628269853,0.6313731181068115,10.641408920288086
Kennard-Stone,CDK_FP,Hist Gradient Boosting,0.9396125317773493,0.3078625906481833,0.17055280162469308,0.5918403740909457,0.8003842431290072,0.6010685565429181,0.5386256826935483,0.8406430890206685,0.6248844789118142,70.66012954711914
Kennard-Stone,CDK_FP,AdaBoost,0.41975668780499686,0.9543080348527897,0.7959313485210976,0.3643122056986229,0.9988618931675737,0.8196711594133989,0.2507923527901037,1.071238172607369,0.856867180897833,66.68011355400085
Kennard-Stone,CDK_FP,MLP,0.8229847450295474,0.5270949509567018,0.38572503573852074,0.5548797771083553,0.8358381150749107,0.6345323855598252,0.5451555058264097,0.8346730864966401,0.6482607529598426,70.54887509346008
Kennard-Stone,CDK_Extended,Ridge,0.7119499034018733,0.6723842334601126,0.5233284914269936,0.3030747382606911,1.045867366166631,0.8022949871838007,0.45825040148899954,0.910928391535397,0.7095527927362488,0.27452611923217773
Kennard-Stone,CDK_Extended,Lasso,0.056495968709195266,1.216901394257682,0.9905814205777939,0.05396036214011457,1.2185354693496715,0.9916509717250456,-0.05333446065528391,1.2701882341625474,1.0070926225081536,1.9405770301818848
Kennard-Stone,CDK_Extended,ElasticNet,0.23709458664208594,1.0942557991955992,0.8896829530593007,0.21753687336307193,1.1081931184352762,0.9007150030626936,0.07516880672106663,1.190189662694496,0.9325758531779631,5.406793117523193
Kennard-Stone,CDK_Extended,Bayesian Ridge,0.6428033738462124,0.7487505988196786,0.5838153192296287,0.49031947835458967,0.8944015165279454,0.6984377378291267,0.4257216250264404,0.9378776154483559,0.7269514334851994,5.797700643539429
Kennard-Stone,CDK_Extended,PLS,0.6411715200505003,0.750458984464961,0.5826661220799112,0.46375650844144634,0.9174122306593069,0.7133343517302345,0.4212508268130424,0.9415212598388079,0.7368349108156202,1.359699010848999
Kennard-Stone,CDK_Extended,KNN,0.7064821090384442,0.6787358641165651,0.5061060734483243,0.5424137179815494,0.8474615572879314,0.6377523960982336,0.49433874840649705,0.8800650552760815,0.6868205667739979,0.09824800491333008
Kennard-Stone,CDK_Extended,SVR (RBF),0.7531266554234394,0.6224731297822771,0.4106757900688498,0.5576645412021881,0.8332194248995454,0.6296950679685475,0.46127598120857516,0.9083811396988919,0.663845252595777,0.40293288230895996
Kennard-Stone,CDK_Extended,Kernel Ridge (RBF),0.5614672399702577,0.8296301561647471,0.655456954253378,0.4678890090116534,0.9138704263911835,0.7232504267809365,0.37074955860727177,0.981740491352711,0.7605131851932847,7.565937519073486
Kennard-Stone,CDK_Extended,Decision Tree,0.9567006486029466,0.26068989916718094,0.09044679791108363,0.22346405293876714,1.1039878429429562,0.8040928717446575,0.48213122419694754,0.8906248375605793,0.6361505698770737,4.11180567741394
Kennard-Stone,CDK_Extended,Random Forest,0.9055370998366206,0.38504735649815075,0.287848223725668,0.5689519303923382,0.8225197993329876,0.6346522477944921,0.5555700963748248,0.8250619817958138,0.6233700941991572,89.162358045578
Kennard-Stone,CDK_Extended,Extra Trees,0.9567006486029466,0.26068989916718094,0.09044679791111414,0.2970154283773472,1.0504040933051109,0.7730980383512003,0.48257964923978924,0.8902391559043489,0.6354323156104608,245.69960236549377
Kennard-Stone,CDK_Extended,Gradient Boosting,0.8357753409012958,0.5076947742019011,0.3827422691121603,0.5769682657715076,0.8148355765828966,0.6244046839980516,0.5476198533912974,0.8324088859926824,0.6391202481219296,332.7112455368042
Kennard-Stone,CDK_Extended,XGBoost,0.9547652755599939,0.26645230598924924,0.11665343023183655,0.560208441791006,0.8308200200273514,0.6289350673497555,0.5082874173853991,0.8678418714586813,0.6267361174803215,10.201698780059814
Kennard-Stone,CDK_Extended,Hist Gradient Boosting,0.9460719166996752,0.2909316708263202,0.16120055403788086,0.569980573645996,0.821537791905495,0.6200359879721894,0.5353115761658624,0.8436569061374086,0.624098601290978,61.91774797439575
Kennard-Stone,CDK_Extended,AdaBoost,0.3743968470406208,0.9909071749658277,0.8405813968291977,0.29964964938551053,1.0484342111561606,0.8683372082859749,0.3051752522065422,1.0316267109667998,0.8458926996232005,119.40064835548401
Kennard-Stone,CDK_Extended,MLP,0.7786775429543686,0.5893811612549711,0.4471871192876166,0.5179985899932553,0.8697764868934622,0.6719876334998629,0.5093579665376751,0.8668966306292364,0.6844242325186488,87.18074584007263
Kennard-Stone,CDK_GraphOnly,Ridge,0.18270532729383626,1.1325903127192887,0.9187433676914621,0.17519324388852542,1.137783453052437,0.9232932900290697,-0.02874244767367773,1.255273235775407,0.995759493599844,0.052921295166015625
Kennard-Stone,CDK_GraphOnly,Lasso,0.03102615336752823,1.2332170948112486,1.00839782438558,0.030122894061275662,1.233791751882577,1.0088126647040039,-0.03476577963398597,1.258942712187578,1.0042409588087287,0.17252826690673828
Kennard-Stone,CDK_GraphOnly,ElasticNet,0.08502813879221882,1.198360202501362,0.9808284108610096,0.08296353533679635,1.1997114705509213,0.9819915992113878,-0.011404629592367987,1.2446504709920634,0.9902773524030665,0.35587286949157715
Kennard-Stone,CDK_GraphOnly,Bayesian Ridge,0.1815606613983063,1.1333831625521262,0.9202383542723699,0.17509271615350275,1.137852787661856,0.9241763183539622,-0.02801498571969474,1.2548293321467585,0.9955867231880968,0.07294058799743652
Kennard-Stone,CDK_GraphOnly,PLS,0.181940497725953,1.1331201314158152,0.9190008261562547,0.1751512549461406,1.1378124136031957,0.9230231129010369,-0.02859587006300157,1.2551838054682707,0.9956008600984156,0.12031221389770508
Kennard-Stone,CDK_GraphOnly,KNN,0.02204122109126616,1.2389214822324954,1.003301559655124,-0.06958715962605178,1.295661633780814,1.0469095178625227,0.025933104718589117,1.2214602294701362,0.9716120815800658,0.03409719467163086
Kennard-Stone,CDK_GraphOnly,SVR (RBF),0.22949294254137864,1.0996939078684493,0.865656704914117,0.20689996991380222,1.1157001509003186,0.8840812684596302,-0.06020082780752101,1.2743214947277184,1.0100891620496217,0.21539592742919922
Kennard-Stone,CDK_GraphOnly,Kernel Ridge (RBF),0.21005440247409835,1.1134791780125735,0.8996796741124414,0.19840743640992697,1.1216577164670052,0.9068913483611364,-0.02435750951203297,1.2525951245174838,0.9923944004306966,3.426229476928711
Kennard-Stone,CDK_GraphOnly,Decision Tree,0.25455958928023237,1.0816580202807695,0.85800637471406,0.2202191068180206,1.10629208038114,0.8820326189543624,-0.027257283143651057,1.254366808404066,0.9916652448880703,0.07473945617675781
Kennard-Stone,CDK_GraphOnly,Random Forest,0.2535562806771414,1.0823856920468986,0.8607642672310776,0.22385058227031351,1.1037130476811219,0.8800638074273958,-0.029530632154780356,1.2557540157076708,0.9940895267499775,15.105803966522217
Kennard-Stone,CDK_GraphOnly,Extra Trees,0.25455958928023237,1.0816580202807695,0.8580063747140617,0.22059404622853696,1.1060260810620275,0.8816279868103405,-0.027257283143665934,1.2543668084040749,0.9916652448880772,6.802604913711548
Kennard-Stone,CDK_GraphOnly,Gradient Boosting,0.24562555202250758,1.0881205026377756,0.8678408389766484,0.21699113409999493,1.1085795130513536,0.8866016395534868,-0.02543845660277877,1.2532558469870816,0.9920188297939107,11.140634059906006
Kennard-Stone,CDK_GraphOnly,XGBoost,0.2545510170680494,1.081664239540733,0.8580719173898371,0.22051521606794333,1.106082012126383,0.8814960100500558,-0.027207061723540704,1.2543361457582707,0.9916716301254815,3.627182960510254
Kennard-Stone,CDK_GraphOnly,Hist Gradient Boosting,0.2529357819193061,1.0828354777730542,0.8614251249560807,0.2224878898793392,1.1046815221530053,0.8806098201800299,-0.028947003194816467,1.2553980290648026,0.9941014232761898,10.91343879699707
Kennard-Stone,CDK_GraphOnly,AdaBoost,0.1320537182476028,1.1671587551626168,0.9605294468314924,0.14387219154024755,1.159185154573677,0.9521671147766325,0.02600129201279522,1.2214174759764698,0.9668045447462933,0.5769023895263672
Kennard-Stone,CDK_GraphOnly,MLP,0.23529416113572377,1.095546237716701,0.8771603994713545,0.2145728730426527,1.1102900734841126,0.8918746322445598,-0.025987024952939697,1.253591022914376,0.9929181021758545,35.27139902114868
Kennard-Stone,EState,Ridge,0.26410063470342005,1.0747135458349257,0.8642474280105524,0.24963019943521325,1.085228479027771,0.8725981470055739,-0.08635386212908291,1.2899432239266533,1.01764490224991,0.045972347259521484
Kennard-Stone,EState,Lasso,0.13099364765500088,1.1678712952950405,0.9576627156604879,0.12749500540407088,1.1702198739647576,0.9592379295083981,-0.09903078107434382,1.2974477200587085,1.0360796843998925,0.0801231861114502
Kennard-Stone,EState,ElasticNet,0.16396021220852597,1.145504980584417,0.9399433883544973,0.16027760143218217,1.1480250842120707,0.9415214405463486,-0.11805527961436302,1.3086291122583817,1.0448741772163739,0.08312606811523438
Kennard-Stone,EState,Bayesian Ridge,0.2632375020886504,1.0753436241552705,0.8658476006162459,0.24980984913937332,1.085098561322132,0.8737897690708332,-0.08068879399931084,1.2865754593893532,1.0164081926695245,0.04402041435241699
Kennard-Stone,EState,PLS,0.26379019251641533,1.0749402081071389,0.8644143640066911,0.2495048723043921,1.085319102939394,0.8726281248910596,-0.08765690598409859,1.2907166132065033,1.017561245804433,0.0782938003540039
Kennard-Stone,EState,KNN,0.5244594535237748,0.8639274731225492,0.6554734779727637,0.3447867878963723,1.01408610427354,0.7832633929149413,0.20527807092625971,1.1032972548403468,0.8387449681655023,0.034537553787231445
Kennard-Stone,EState,SVR (RBF),0.4984374510528905,0.8872501042394181,0.6575205835862593,0.4154841587029009,0.9578150383969682,0.738588964109985,0.1376898914659077,1.1492557300665536,0.8591879290569254,0.2713925838470459
Kennard-Stone,EState,Kernel Ridge (RBF),0.38003349402018327,0.9864330671205399,0.7871973452434059,0.34765445409276596,1.0118644996943793,0.8085048997748008,0.10105773866962209,1.1734128455872557,0.9089023684089084,6.702692985534668
Kennard-Stone,EState,Decision Tree,0.6555215080792812,0.7352999970723189,0.49118578081160624,0.3468559221791556,1.0124836186435346,0.7537529620047915,0.24150301944639496,1.077858788860321,0.8055224325069431,0.12200403213500977
Kennard-Stone,EState,Random Forest,0.6390356682036856,0.752689146204318,0.543184103376307,0.4261893295071777,0.949003509892573,0.7213222029187348,0.24650375193919027,1.0742997786391333,0.8077036921843408,18.99622130393982
Kennard-Stone,EState,Extra Trees,0.6555215080792812,0.7352999970723189,0.4911857808116133,0.3591995547544091,1.002870626026088,0.7502396798452443,0.24150301944640706,1.0778587888603124,0.8055224325069386,7.902822256088257
Kennard-Stone,EState,Gradient Boosting,0.5071765073473464,0.8794865653813531,0.6863059707812584,0.3954852033219953,0.9740628419241452,0.762478510491707,0.1765298633295569,1.1230752750288229,0.8652801395062594,10.964746236801147
Kennard-Stone,EState,XGBoost,0.6400365236206746,0.7516449212425715,0.5291901432819927,0.40037261953106784,0.9701172710801301,0.7317478063279703,0.23401133984361577,1.083168718653091,0.8136017443186515,6.741570234298706
Kennard-Stone,EState,Hist Gradient Boosting,0.6114886578138432,0.7808819057953768,0.5775521959187537,0.4278059073343511,0.9476657689313333,0.7241149152845486,0.22594334125615456,1.0888581713931234,0.8213096699245533,13.056122064590454
Kennard-Stone,EState,AdaBoost,0.2611937420905863,1.076834078866499,0.8905340634790778,0.24374920011158818,1.0894729006349537,0.8980767239930028,0.08361749913302319,1.1847407671134644,0.9523080679441877,0.6066503524780273
Kennard-Stone,EState,MLP,0.527334470842876,0.8613119527433363,0.6665143056977764,0.41349875446088513,0.9594403476066784,0.7503964776634998,0.17702936349322584,1.12273460610004,0.8548112371813242,38.16372323036194
