feature,gini_importance,perm_importance_mean,perm_importance_std
AP2DC_39,0.04075593061929182,0.03903879714955135,0.004720288821972864
AP2DC_221,0.0320259234748001,0.05961203072700877,0.006279053218139553
AP2DC_477,0.024495068415420464,0.02369502424194463,0.0022152588786808268
AP2DC_148,0.01968976257746234,0.023688072896600087,0.0011030972834774153
AP2DC_438,0.01861929912122579,0.014188224033400032,0.0018926263241332022
AP2DC_77,0.017856261094902334,0.003285382669073955,0.003479820113862343
AP2DC_218,0.015156808934444163,0.018060057365570047,0.003571838395397528
AP2DC_107,0.014813685382408917,0.007633677487738022,0.003052383999397941
AP2DC_610,0.012495016376531705,0.015584233529002001,0.001707523266576612
AP2DC_280,0.011734942023180555,0.033476231675209765,0.0015644599683261437
AP2DC_156,0.010514810992114485,0.016340906728934956,0.0031922943283730584
AP2DC_138,0.009047983104289267,-0.0019364157889727896,0.002544582418703404
AP2DC_327,0.009029612214282924,-0.0017110484638355628,0.0024342746350057534
AP2DC_703,0.009020698585792401,0.006662693219663019,0.0015831158871033692
AP2DC_566,0.007737842375689935,1.9717344122460732e-05,0.0010096633836975094
AP2DC_632,0.007653827074974048,0.0067050452894855,0.0014538835194252125
AP2DC_29,0.00760435286187222,0.004448673189980057,0.0007633176780135838
AP2DC_717,0.007274517999492405,0.004942502448344,0.001585790966764435
AP2DC_210,0.007181719757136903,0.0047442575077650375,0.000935359143015635
AP2DC_674,0.006815070048113052,-0.003715040718452156,0.0011615447634888089
AP2DC_66,0.006635102876332644,0.004660718097465599,0.0014705615258809176
AP2DC_631,0.006151438619147493,0.0035953405597625165,0.0014119280690011264
AP2DC_40,0.006120838317132718,0.0027134582843251764,0.0011660455849744668
AP2DC_704,0.006093591657409656,0.0024850864166910624,0.002629974518554227
AP2DC_723,0.006079166157223803,-0.0007855352151730499,0.0017949807522210101
AP2DC_130,0.006009642082265655,-0.001931487384666486,0.0008046971880831122
AP2DC_374,0.005385568127506889,0.0051395974798594144,0.0023047636225864473
AP2DC_331,0.005019418164801675,0.00047212304297521434,0.0014774697132159307
AP2DC_145,0.004927370260302724,0.0005196293459849843,0.0008455175386808729
AP2DC_618,0.004926533101719215,0.004219960514326204,0.0011181715588123294
AP2DC_595,0.004882547248728415,0.0026423303338763858,0.0007535455945074635
AP2DC_707,0.00486016776455495,0.0010767333912824139,0.000721351067543857
AP2DC_329,0.004827499496235324,-0.0022642136865873574,0.0010409621486302959
AP2DC_661,0.00472706164216897,6.242490094454656e-05,0.00038234858688542656
AP2DC_506,0.004722610254197282,0.004149779686001198,0.0008848315848851395
AP2DC_121,0.004683147289510863,0.001478276317779137,0.0020979934746546613
AP2DC_386,0.004607833856774133,0.0002942101030205313,0.0007555571026133815
AP2DC_501,0.004550245485153649,0.004297550130416839,0.001146779225401701
AP2DC_155,0.004517136576992482,-0.0001694427597003667,0.0005645881946331084
AP2DC_687,0.004496707609899523,-0.0018626131780440703,0.0016311096769631686
AP2DC_694,0.004467413453285922,0.004456875669868787,0.0011103829213510808
AP2DC_548,0.0044230329137595545,0.0022451609978054845,0.00047294063879247436
AP2DC_3,0.004385204420499817,0.0019672439915035312,0.0009715824148425111
AP2DC_711,0.00421384212090073,-0.0003962415800677022,0.0002968295353457436
AP2DC_716,0.004116845047979522,0.001537750303806662,0.001087089724221324
AP2DC_749,0.004054218251765008,0.002200746984493185,0.0006656089998012904
AP2DC_558,0.0038795781264689727,0.0011011626280902464,0.0006680965824135282
AP2DC_373,0.003867125340313501,0.0036483948061276196,0.0008465525114756545
AP2DC_323,0.0038661502944942376,0.0003330593472462007,0.0010600126947878014
AP2DC_267,0.0037991684410759296,0.0003153038441697675,0.001048239797573544
AP2DC_652,0.0037431374356992537,0.0006785186931040465,0.0009928407648336064
AP2DC_581,0.003704971387083601,-0.00020072065218893487,0.000447617668579474
AP2DC_324,0.0036194582912663833,0.0017353235036681736,0.0006311388006739932
AP2DC_184,0.003550006376584032,0.00039177459197968777,0.0006550724213380203
AP2DC_129,0.003503879867221001,-0.0003833052103287216,0.00041940617158580236
AP2DC_736,0.0034814122450628703,0.0005766723781875816,0.0011543336570958961
AP2DC_186,0.003451821116770048,0.00031887888001315147,0.00040136682566209756
AP2DC_140,0.00344285990039799,-0.0018721855388786125,0.0009659879485438298
AP2DC_555,0.0034286188018623153,0.002005937876281283,0.0009570494442357924
AP2DC_537,0.003427627690801448,0.00018816583167701183,0.0008265241739595661
AP2DC_169,0.003406434189031739,-0.0025933652748250323,0.0011614387812408328
AP2DC_189,0.003402512697338963,0.0017295854047514104,0.0006003148521930204
AP2DC_105,0.0033718578149217232,0.0008265174728054658,0.000592627543510582
AP2DC_557,0.0033224840724538993,-0.00020442325438680965,0.000724786544117602
AP2DC_122,0.0032954461855186083,-0.0009096819750688323,0.0008054794094787527
AP2DC_136,0.0032638180087925643,0.001058637806007734,0.0004203504653644957
AP2DC_195,0.003249111165473757,-0.0011589630377600746,0.00041261938227955055
AP2DC_519,0.0032372766622326267,0.00013884135602189042,0.0007292723363505784
AP2DC_131,0.0032105399634082244,-0.000738669390412472,0.0006369470834553625
AP2DC_2,0.0031826013009929204,0.0012142807144069124,0.00040983791812196856
AP2DC_168,0.0031447340101770343,0.0013929523644054976,0.0006092518922086774
AP2DC_320,0.0031043789283586687,-0.0007847816519273576,0.0009943091600757357
AP2DC_349,0.0031005486871542413,-0.00028822675211949146,0.0008546071689054162
AP2DC_748,0.0030811523121315005,0.000955421660020761,0.0008960243762509985
AP2DC_436,0.0030704784135713063,0.002047900741486275,0.0006070316082368235
AP2DC_96,0.003067943269879,-0.00013241922916871208,0.0011169192878207209
AP2DC_655,0.0030666351305408614,0.0003706368538885285,0.0011763420784460825
AP2DC_615,0.0028915339017062734,0.0018475359015111882,0.0005276234222586137
AP2DC_582,0.002859100882530108,-0.0007150415279904343,0.0005605314950382665
AP2DC_516,0.0028470100832006635,-0.0007151114448028073,0.00047109223529771723
AP2DC_321,0.0028228125753740757,-0.0005029191439390734,0.0006650835096153635
AP2DC_35,0.0028075031820284633,0.00047702435347295457,0.0007032424309285364
AP2DC_5,0.002806808823631039,-0.00039396808044772635,0.0006427842429948039
AP2DC_381,0.002791842839402405,-9.645409350119704e-05,0.0003976974606465411
AP2DC_518,0.0027563208423498882,-0.0012152475482767656,0.001389625582615665
AP2DC_478,0.0027548922098598306,0.00012457152484278699,0.00045548838728084367
AP2DC_78,0.002751150965226426,-0.0004761354977315002,0.0009918678235109667
AP2DC_6,0.0027442165386196192,-0.0004295650606795598,0.0006845377805854244
AP2DC_494,0.002740244419020847,-0.00026535215110293773,0.0012097684152065843
AP2DC_527,0.002732270245736382,-0.0003786620147029129,0.00043049955342287376
AP2DC_589,0.002668214356709632,-0.0008509823812634321,0.0007001684645125884
AP2DC_502,0.0026635613057360767,-0.0001742410892256907,0.00036505860528401223
AP2DC_612,0.0026458236976797346,0.00017837002502081313,0.0005903900516232594
AP2DC_429,0.0026405628619841862,-0.00021234444818256647,0.001502577012166816
AP2DC_217,0.002600691631120692,0.00036861459868124945,0.000474431867724482
AP2DC_600,0.002594323291193808,0.0008378080011746447,0.00034171538503700025
AP2DC_495,0.002575980426373164,-5.379982272589734e-05,0.00044743347214466273
AP2DC_62,0.0025110301295403208,-0.0008781096723047499,0.0009009220555016947
AP2DC_42,0.0024942808761452455,0.0006338435905641094,0.0004415261500136057
AP2DC_312,0.002476374640208449,0.0030283245404004065,0.00034215260841130455
AP2DC_474,0.0024728366627014197,0.0003310590427223481,0.00041264120088317863
AP2DC_653,0.002432962741808523,0.0005706762054067616,0.00039854230438946957
AP2DC_41,0.002428100550882425,-3.0123715657504045e-05,0.00039821863815286116
AP2DC_684,0.0024210642202923908,0.0008621014050110953,0.0002912783103100186
AP2DC_68,0.0024036204992502488,7.472330613956801e-05,0.0003724178678087348
AP2DC_771,0.002397295417224627,-0.0004280944853871205,0.0007588877542349861
AP2DC_187,0.002391601706631867,0.0007138390177508502,0.0005598855718668957
AP2DC_393,0.0023913950399522847,-0.00022591895416713693,0.0006858279886947295
AP2DC_712,0.0023901598153063435,-0.00018639162397277032,0.0004605479662955295
AP2DC_470,0.0023688637376142207,0.0007228818582109442,0.000352450916435878
AP2DC_720,0.0023456980332635627,-0.0005912928239580672,0.00038036566091245505
AP2DC_604,0.0023384618337562975,0.0007071625235216872,0.0003451411174378985
AP2DC_124,0.0023175654661057063,0.0016126127268145218,0.0003154886253373838
AP2DC_715,0.00228963647199587,-0.0004859432878899339,0.0003390825432414759
AP2DC_517,0.00228622309003337,-0.001684307613927316,0.000574831953544366
AP2DC_773,0.002280355293530305,0.00029554369313610217,0.0006333135015633046
AP2DC_9,0.0022775652763136335,1.2345751601805511e-06,0.00025444045698048306
AP2DC_590,0.0022744079096779393,0.0006020176799298004,0.0005550778069255126
AP2DC_587,0.0022682844107320636,-0.000275732394444117,0.0003645485443075818
AP2DC_256,0.0022530315148900767,-0.0005357758657301703,0.0004086866806919356
AP2DC_123,0.0022466596621767373,0.0006921112752069525,0.0005500190952170138
AP2DC_13,0.0022458898137118484,0.0004897586820195477,0.0004507499825780231
AP2DC_352,0.0022174581717878364,0.00021947413978261608,0.0006310290742402211
AP2DC_643,0.0022148639555564747,0.0007157245797139389,0.000409922870475944
AP2DC_67,0.0022102948843061433,0.0010831867416905006,0.0003126645317332638
AP2DC_328,0.0021811120668801605,0.000506314634224958,0.0006028609516938362
AP2DC_34,0.002170154049428047,-0.00016224555234868322,0.0005074502000750697
AP2DC_306,0.00216945720112214,-0.000769229862434917,0.0005356405852573815
AP2DC_705,0.002154016810761369,-0.0006956858962565149,0.0006172220886945561
AP2DC_264,0.002153829132712599,-0.0002712752493243986,0.0003811617041119256
AP2DC_759,0.002151345248010208,0.0013906649248307979,0.0004558159143148234
AP2DC_111,0.0021356250003088436,-0.0009959291175743123,0.0004032067720153559
AP2DC_524,0.002128704244484119,0.00019042064615018006,0.0005688043024251074
AP2DC_49,0.002126130826789574,7.827231346368979e-06,0.0007354417744853888
AP2DC_683,0.002116170738367872,-5.735772075410317e-06,0.000834009523029615
AP2DC_194,0.0021141840167790355,-0.0005817022345357747,0.00040797078936586267
AP2DC_342,0.002113453259024183,0.000547752328139528,0.000350710794344173
AP2DC_348,0.0020933509866210005,0.0008781552092569145,0.0002957574068741699
AP2DC_745,0.0020880940662027963,0.0003304683244516049,0.0006037165379221955
AP2DC_457,0.002080513545038765,8.13018670247967e-05,0.0005571454594661515
AP2DC_106,0.002073874240280994,-5.3667593302642035e-05,0.0008602991430373977
AP2DC_24,0.002068859154819367,0.0006135017428250733,0.00046781225814362866
AP2DC_602,0.0020669126086824484,0.0005066345618846447,0.0007074674639356468
AP2DC_642,0.0020634621042828405,-0.0003551065086096261,0.00032416145371861303
AP2DC_456,0.0020537281008158603,-0.001528149593300754,0.0007559444291671856
AP2DC_641,0.002041922082015533,0.0008073107807270996,0.0006511721178786685
AP2DC_629,0.002030337514865496,0.0005444090928187761,0.000479066322359889
AP2DC_559,0.0020153508584025825,3.078325920375935e-05,0.0003767451798191761
AP2DC_73,0.0020138539284884787,0.00027728520688928836,0.00047584583913898667
AP2DC_651,0.0020036753510110404,0.002097928451451758,0.0008372441666749604
AP2DC_656,0.0019997652595913173,0.0013174333905733304,0.00015722151964264757
AP2DC_534,0.001999320541852897,0.00020788377573879301,0.0007121825073759852
AP2DC_403,0.001994045196598199,-0.0005593383568635258,0.00045733170724561326
AP2DC_30,0.0019895132350407226,-0.0006133759732699362,0.0004021300802189266
AP2DC_64,0.001988216409042851,-4.44229502538307e-05,0.00040036232042494447
AP2DC_526,0.0019820872578389364,0.00016723940599639998,0.0002649236913701444
AP2DC_746,0.0019469180355309848,0.0006348737766094015,0.0003500824129708014
AP2DC_543,0.0019465604676991266,0.00030890231099253154,0.00027504758740759316
AP2DC_530,0.001944042085000969,-0.0004264344532447062,0.00048765346117569556
AP2DC_192,0.0019298645379061633,0.0003913936262483042,0.00030846025914715343
AP2DC_525,0.0019254999121334198,0.00037992804806881165,0.0005222394191080361
AP2DC_670,0.0019232817824400429,0.00013428810011734127,0.000261550497745465
AP2DC_257,0.0019061022983037177,-0.00024943506882704194,0.0002459280316090892
AP2DC_471,0.0018972456516642522,0.00013257312102793462,0.0003986488124761508
AP2DC_730,0.0018643727646707703,0.0002963182238663986,0.0003426625055334781
AP2DC_677,0.0018532976664450249,0.0006604792657958658,0.000353646586015043
AP2DC_492,0.0018501035965941977,-0.00038032554794912297,0.0004679189921349595
AP2DC_522,0.0018354556222654008,0.0004121037188547727,0.00039228317937569154
AP2DC_685,0.0018215067470119912,0.00019961414937337275,0.00032942828802292814
AP2DC_401,0.0018161337262900268,-0.0011772692600565127,0.0004109208081727822
AP2DC_258,0.0018158245841928566,5.517643573849096e-06,0.00043610349009085047
AP2DC_706,0.0018090090171095558,-0.0006388397175023485,0.0004003679144926463
AP2DC_43,0.0018080935358098116,-0.0005880617022720358,0.0005110399689586775
AP2DC_569,0.0018056912477914502,0.0005851993045090431,0.0006052087810193356
AP2DC_640,0.001800893790838429,-0.00030738772056634336,0.0006202224980106074
AP2DC_467,0.0017979895331563917,0.0013330436298165215,0.002177458251282393
AP2DC_284,0.0017629430871815546,0.0003611003398377721,0.0005571471959095371
AP2DC_529,0.0017575953615507351,5.194770531957715e-07,0.0009333646985157796
AP2DC_667,0.0017486737990897925,0.0006613439021393552,0.0004004544111880254
AP2DC_132,0.00174360772761822,-0.00040763976534838873,0.0003248206382665511
AP2DC_588,0.0017313942634421492,-0.0003819733785043855,0.0003093687464418914
AP2DC_11,0.0017157251592330334,-0.00011968689172587865,0.00022688205895213633
AP2DC_551,0.0017156920503717276,-0.00028209147594833174,0.0002883661524737496
AP2DC_692,0.0017154033630244765,0.0004277327811205489,0.00011227660987482423
AP2DC_76,0.0017048889864119466,-0.00036881456572941397,0.0007735745211121634
AP2DC_269,0.0016963862607112302,-0.0006166339579986135,0.0005107952132608295
AP2DC_417,0.0016960957768981971,-0.0005914250500389407,0.0005523073789758814
AP2DC_634,0.0016933630163980212,0.0008475142754123088,0.0004980674098078192
AP2DC_751,0.0016855686772501363,0.0010159614931838034,0.0003515616915104787
AP2DC_112,0.0016818166342727006,-0.0001573234495055642,0.0005449588106978795
AP2DC_697,0.0016782183869692375,-0.00051854096678009,0.0003110757026418137
AP2DC_251,0.00167647460530991,-0.0014200860622572975,0.0010599556119394791
AP2DC_275,0.0016754589372821671,9.282251483827553e-05,0.00023709401921567693
AP2DC_428,0.0016643199759578803,-0.0005788829281050623,0.0003219397888827872
AP2DC_777,0.0016615600964898932,3.495221702578544e-05,0.0005696548771960756
AP2DC_411,0.0016557906762199553,0.0008394298213740159,0.0003288540247279876
AP2DC_680,0.001653386901989458,0.0010360174051002647,0.00029139122897505485
AP2DC_339,0.0016488372280209752,-0.0007723011035211558,0.00031674939988590484
AP2DC_521,0.0016473908488537686,-0.0002240587139266781,0.0001847802023615886
AP2DC_756,0.0016356689041891893,0.00024479636236506285,0.0002014062644563118
AP2DC_724,0.0016295569824689804,0.001740678221995351,0.00038840289857171133
AP2DC_58,0.0016229163027571877,-2.9540462099131306e-06,0.00040404273549907404
AP2DC_63,0.001615728417717039,-0.0005706085276051653,0.00045361678838815706
AP2DC_51,0.001604414162942823,-0.00013534639651298087,0.0003547629327058819
AP2DC_611,0.001596405350547524,-0.0001825255784666302,0.00027634634183288894
AP2DC_500,0.0015915932604804325,-0.00014624096896763693,0.00015148454287280483
AP2DC_739,0.001590756331814668,8.333187344428117e-05,0.0004890214932914478
AP2DC_71,0.0015857267034876676,-0.00040958723959166887,0.0003276567882137945
AP2DC_778,0.001581767888439168,-0.0003036919997045362,0.0002147268850925444
AP2DC_174,0.0015678289386535263,-0.0017716507137400584,0.00043332749087249235
AP2DC_338,0.001561601830473098,-0.0007742059230135933,0.00024939764555183296
AP2DC_505,0.0015495908468194243,-0.0001592067041266909,0.0002672014349150703
AP2DC_50,0.0015433243024416165,0.00025757787169281563,0.00030208934468184444
AP2DC_510,0.0015347178303872847,-0.0004120830131024933,0.00016596696629582762
AP2DC_262,0.0015325326644177355,-0.0001225071410284273,0.00025189874486054154
AP2DC_535,0.0015276236435346154,-0.0007009614909739504,0.0001833812899032965
AP2DC_709,0.001527551469964224,-0.00022937850656955526,0.00022133989915585728
AP2DC_627,0.0015179296934405727,0.0003631341444575886,0.0005943845577686966
AP2DC_696,0.0015118167179054259,-0.0004800996924054779,0.0004128675032114652
AP2DC_375,0.0015072160702205477,0.0003979227952160214,0.00046873926936074516
AP2DC_337,0.0015068191590913904,-0.00040618489436868856,0.0005233735381579537
AP2DC_53,0.0015058402026642986,0.00048359011283480855,0.0002742676890950015
AP2DC_392,0.0014948889560034814,0.00017433875462342653,0.0002192165682059924
AP2DC_635,0.0014932190561343598,0.0006117976959464477,0.00015319922190707412
AP2DC_460,0.0014908079940288647,0.0011035297612641327,0.0007051062762942198
AP2DC_104,0.0014858291391224574,5.03277440442651e-05,0.00017096571121160556
AP2DC_453,0.0014854974610689058,-0.00036995001154692674,0.0002005999268550449
AP2DC_72,0.001463385280599118,0.0024532287560133036,0.0008730109606537053
AP2DC_69,0.0014528263869523178,-0.00016093212656447252,0.0002827992617812882
AP2DC_425,0.0014392792223397969,-5.2149191897510325e-05,0.00039001417198008875
AP2DC_98,0.0014368256982373417,-0.0006282311573957422,0.0004965340285341889
AP2DC_673,0.001429643273764101,-0.00025146649878935443,0.00029511073106797884
AP2DC_464,0.0014233025184514762,0.000103838681379409,0.00028946014380162985
AP2DC_185,0.0014198397110620077,0.00023307479753121864,0.0005033539430098113
AP2DC_394,0.0014001319506290527,0.0004506104785923615,0.0002575233926552901
AP2DC_461,0.001389626064421914,-0.0004386427704501261,0.00042694556780311965
AP2DC_177,0.0013895777085789895,0.00021473705586388947,0.0002580630519147838
AP2DC_764,0.0013734524788444444,-9.911959194242037e-05,0.00014282305737114772
AP2DC_693,0.0013668831289377732,0.001517189519264306,0.0004152694262543284
AP2DC_404,0.0013597684560202623,0.00031508577398848826,0.0003714856346608642
AP2DC_400,0.0013372907826568565,9.571184021804902e-05,0.00015305260655277395
AP2DC_463,0.0013329336170318548,-0.00010679822225916347,0.00020506031667587315
AP2DC_285,0.001320737939058499,0.000350585741611309,0.00016682244001257754
AP2DC_97,0.0013145449557865996,1.9037824224477085e-05,0.0001975128250305965
AP2DC_695,0.001304748834221576,-0.00031248998126532924,0.00019353477237548161
AP2DC_1,0.0012989998347906636,-0.0005947763508971527,0.0001879159689743278
AP2DC_165,0.001288695215030165,0.0006813784975364223,0.00017769935883795682
AP2DC_654,0.0012829544035984004,0.00010862433559747365,0.00019423580772644916
AP2DC_133,0.0012763441970716433,-0.00012734851567531847,0.00016766533214097068
AP2DC_158,0.001269794084765612,-0.0005925332515732906,0.0003600238718249574
AP2DC_488,0.0012655566183090486,0.00023087323264026072,0.00025573917839483124
AP2DC_503,0.00124266364650781,0.0002712536281480604,0.0001709470976094704
AP2DC_619,0.0012416400945910013,0.000153239040432096,0.00048347707916420477
AP2DC_424,0.0012339182740341537,0.00039657942762681974,0.0006509550027726319
AP2DC_591,0.0012336232794957624,-0.00035770442188264305,0.0003126237409178041
AP2DC_545,0.0012323729583674152,-0.0008627715770960998,0.0003003254859531653
AP2DC_757,0.001230090760946505,0.000217162288126016,0.0004178277859462365
AP2DC_714,0.0012247382584938584,0.00020313971320258252,0.00015071556886598318
AP2DC_413,0.0012216309838220835,-0.0006294189711682274,0.0002507512471100871
AP2DC_628,0.0012110923422796115,0.0007457336386414437,0.0003964916702779863
AP2DC_568,0.001209861363243115,4.262960037291208e-05,0.000350538349513351
AP2DC_571,0.0012027658983709384,-0.00038990988224351096,0.00024489210348858367
AP2DC_454,0.0011914897567348517,-0.0002747746546668872,0.0004079482177076067
AP2DC_326,0.0011874533393008476,-0.00019368163913088265,0.0005606950014052718
AP2DC_567,0.0011837358486197246,-0.0001225072893548562,0.0003569551502951378
AP2DC_770,0.001180533484527313,0.000126973359976712,0.0001651136191624371
AP2DC_579,0.0011798522289437196,-0.00023950213423993283,0.0003363563134612398
AP2DC_56,0.0011757878059159967,0.0002533185995406306,0.0002797172459078663
AP2DC_561,0.0011745120019838297,0.0006406194846322987,0.0002811318005472538
AP2DC_620,0.0011699010367101543,0.0004266267192679973,0.00015092604943396683
AP2DC_146,0.001164862734192306,0.001301317294187132,0.0003605064629302393
AP2DC_141,0.001161017047243609,5.785978467625075e-05,0.00033596518796274116
AP2DC_27,0.0011553033409309175,0.00021020970187538568,0.00010273699662294301
AP2DC_74,0.0011428911889920692,-0.00022347580831756365,0.0005274065946026052
AP2DC_314,0.0011321744522959525,-0.0008060347035518056,0.00041588537931801125
AP2DC_70,0.0011300909599638422,8.156919444790578e-05,0.00020058301895581527
AP2DC_455,0.0011277412979525596,1.1435566466710956e-05,0.00023317650417528264
AP2DC_625,0.0011252531231230034,0.00048748736988325493,0.00029533281890465495
AP2DC_193,0.001119399835574141,-0.00032120035937024396,0.0002011896605572016
AP2DC_345,0.0010977691933703423,-0.0006083448611691855,0.0003327360321941265
AP2DC_252,0.0010915951291411298,9.865562457972432e-05,0.00031302839720492463
AP2DC_75,0.0010793664498184592,-0.00031192615864864546,0.0002518913852640544
AP2DC_134,0.0010617812628957615,-3.1584101919834852e-06,0.0001329847362951936
AP2DC_305,0.0010614942854539644,6.562302998613934e-06,0.00026211832581562967
AP2DC_702,0.0010573319758618192,0.00034503398042041723,0.00017321425895729946
AP2DC_721,0.0010510943887147054,0.00036328527229058106,0.00023473566151928097
AP2DC_708,0.0010459275338092998,0.00015522196339212702,0.0002490177773166828
AP2DC_265,0.0010446734237046131,-5.2540664976175044e-05,0.0001966194838183713
AP2DC_201,0.0010331963575923126,0.0008907800317285997,0.00030666965439470474
AP2DC_427,0.0010321684764135692,-2.2759012217976603e-05,0.00021437916447005338
AP2DC_700,0.0010252520444740388,0.00047496569207986503,0.00023894166037606452
AP2DC_341,0.0010180509809326634,0.00029517289093515807,0.0001711301836686027
AP2DC_405,0.0010115880321040402,-0.00024514147347861617,0.00012612990709075009
AP2DC_699,0.0010008028449599764,0.00010867304806514433,0.00024083990843780227
AP2DC_231,0.0009946823778579541,0.0003698497741568385,0.0003227823041843437
AP2DC_316,0.0009942071804782257,8.140952900026477e-06,0.00019550402678487994
AP2DC_646,0.0009910145080101553,2.6505359972595065e-05,0.00017676057686853055
AP2DC_167,0.0009739273765041385,-4.8100036445619665e-05,0.0002631691333989297
AP2DC_622,0.0009729496386041742,-0.00022062127695305912,0.0002059070361862948
AP2DC_650,0.0009644442495603768,-0.00011462742738052034,0.0002101154407745186
AP2DC_205,0.0009595572260761627,-0.00014761118368674663,0.0002910163508188131
AP2DC_719,0.000942199382265696,0.0003168721719776557,0.00023676100826333158
AP2DC_498,0.0009386735100484672,0.00024181732443614434,0.00014639099017487104
AP2DC_412,0.0009376116098545234,-0.000571409426807823,0.0002827925921468777
AP2DC_100,0.0009338772360914238,5.100398891452196e-05,0.00011517426401036231
AP2DC_351,0.0009320152038522602,0.000494838056372715,0.00041028697334725294
AP2DC_560,0.0009229448029571126,0.0011660820181979448,0.0003356996852299509
AP2DC_765,0.0009224455723180852,0.0006333169341824596,0.0002350940131349571
AP2DC_395,0.00091157468465216,8.516497329912332e-05,0.0003868998287459949
AP2DC_147,0.0009070408043028302,0.0005188920501270844,0.00017872671195684207
AP2DC_356,0.0009039386621059477,-0.0005161642762600782,0.0001087563877398873
AP2DC_86,0.000903873252598833,0.0006980750274725112,9.292972742805886e-05
AP2DC_435,0.0008921289340342599,7.034485878674169e-05,0.0004110939658448577
AP2DC_621,0.000886323061585932,0.00026971894111327277,0.00019015780873217508
AP2DC_382,0.000849532775211866,-0.00022215347883877134,0.0002084860461774106
AP2DC_603,0.0008406481837182777,4.2044428923915245e-05,0.0001939802546561505
AP2DC_253,0.0008405767925720935,6.773493103178208e-05,0.0003320459947997485
AP2DC_330,0.0008355402391339404,0.000291134464310272,0.00028107870208096973
AP2DC_178,0.0008318269160243132,0.00016623909102970736,0.00015241563671236768
AP2DC_52,0.0008068241593917608,-0.00021838040276757066,0.0003330421867510354
AP2DC_763,0.0008045329584112012,0.00017262273149444286,0.00016054499179520246
AP2DC_443,0.000795415775648557,0.0008209202236733826,0.0002967196632835551
AP2DC_143,0.0007943999343045428,-0.00017084838145270398,0.00010539809379106912
AP2DC_179,0.0007899500955585835,-0.00012832058494121056,0.0001847502986087601
AP2DC_441,0.0007865986902865346,-0.0006806945985540103,0.00010869610271742512
AP2DC_360,0.000778118088961576,-2.2042922926157614e-05,6.890881798254392e-05
AP2DC_681,0.0007747148369720114,0.00015943360418400055,0.0004589952119587316
AP2DC_462,0.000773439259259518,-3.059233505368075e-05,0.00016686365447820376
AP2DC_55,0.0007684128041911107,-0.000433400705439424,0.00022192719089530894
AP2DC_698,0.0007654557575571004,-6.851979607894743e-05,0.00018263281951613395
AP2DC_754,0.0007628362215144001,0.0003483634866899399,0.0001269149035003134
AP2DC_118,0.000762201966300826,0.00010272025248532213,0.00012071461584570559
AP2DC_33,0.0007601744981207529,0.0002507468939660695,0.00012803119877792486
AP2DC_713,0.0007411557267703175,-8.376432540864176e-05,0.00020318289556519597
AP2DC_120,0.0007405178422672744,-6.090112411482052e-05,0.00016622402707240248
AP2DC_630,0.0007403996290760599,0.0001871083054852285,0.0001985766858295622
AP2DC_247,0.0007381822703998469,6.977188857130168e-05,0.00021283563497314693
AP2DC_607,0.0007327804837934977,9.143800059000507e-05,0.00017250628296871343
AP2DC_554,0.0007299765699185155,0.0011977644597577109,0.0004525013019808378
AP2DC_624,0.0007237455294654277,0.00017458644562985405,0.00016387300064673953
AP2DC_333,0.0007150241365061533,4.5754236150719055e-06,0.00010276051403630793
AP2DC_556,0.0007139385436799767,9.397253218560442e-05,0.0001727897556664053
AP2DC_690,0.0006954639864405948,-0.00013008595334914607,0.00022996176288776274
AP2DC_380,0.0006925269320837052,0.0002079205346673607,0.00013268189974955928
AP2DC_504,0.0006893947478335219,0.0001681137426314261,0.000154806741309363
AP2DC_633,0.0006849378778902032,5.483984718857027e-05,0.0001106084087785888
AP2DC_731,0.0006785519440228469,1.3936388294233382e-05,0.00018724123771568716
AP2DC_744,0.0006645444004973211,6.253734060642779e-05,0.00010962654570449999
AP2DC_176,0.0006581568431244181,-2.9432591529354733e-05,0.00023718148211062515
AP2DC_315,0.0006541456839948889,-0.00025627925790974173,0.00020745316785684544
AP2DC_638,0.0006461195464821729,6.448697842139638e-05,0.00015252920213125565
AP2DC_520,0.0006445005708315921,0.0004323060812662316,0.00015496998736015753
AP2DC_444,0.0006362222402651304,0.00021837996723055307,0.0003459029478112329
AP2DC_657,0.000633425890741256,-0.00043813974633000186,0.00016164683495230935
AP2DC_496,0.0006266617947144279,-4.455379621302047e-05,8.243419179392223e-05
AP2DC_291,0.0006253878232221038,-0.00015901210243015606,0.0001100998892226103
AP2DC_45,0.0006237784992623171,4.4121115655137987e-05,0.00014966669213286742
AP2DC_445,0.0006213092843488048,-0.0001620126734603544,0.00026314560462344794
AP2DC_576,0.0006205265014187622,-0.0005729669948280946,0.000212166584207122
AP2DC_761,0.0006071286260959053,0.00015442002669807664,0.00012539859537561852
AP2DC_332,0.0006040169269805113,0.0008468333699930164,0.00021270920806211227
AP2DC_668,0.0005941750870069827,-7.453019226876245e-05,0.00048014194765445183
AP2DC_490,0.0005906956679353482,-0.00037390577800754387,0.0001164311771409378
AP2DC_722,0.0005856815925577683,0.00024857698608841126,9.222078687254655e-05
AP2DC_512,0.0005806892474765088,-2.7101435280341146e-05,0.00015082575842224446
AP2DC_732,0.0005771791620441189,0.00010727500525244959,0.00024479226368406717
AP2DC_32,0.0005768437580200409,-3.923462111151688e-05,7.296992514467483e-05
AP2DC_486,0.0005742221800203284,-9.909470700182332e-05,0.00013831394631639999
AP2DC_515,0.0005728321450904958,0.0002195761246507666,0.00014142614854385736
AP2DC_7,0.000570300624776645,-2.6684825626810406e-05,0.00016970079253982403
AP2DC_701,0.0005614520044208499,-0.00010093386781298008,0.0002367099150171717
AP2DC_268,0.0005606206165531392,0.0003054014582172915,0.00016961469219432536
AP2DC_682,0.000540410764403657,-7.889677916590454e-05,0.00017045746483431259
AP2DC_4,0.0005386551712192485,-0.0001489074670976809,0.00022422283953909788
AP2DC_383,0.000538433224000871,9.682980584483359e-05,0.00011046101812730009
AP2DC_583,0.0005353882206020048,-0.00011262887169335433,0.00011973086291016043
AP2DC_350,0.0005308177820517304,3.011643795904906e-05,0.00011454209202890468
AP2DC_246,0.0005307009613351197,8.48966014734609e-05,0.00010634932904170788
AP2DC_574,0.0005273087097378997,1.1485959272472535e-05,8.627850807861854e-05
AP2DC_263,0.0005206218494737499,0.00017840439890981497,0.00011269554022560876
AP2DC_26,0.0005191344779662886,-7.890406040115261e-05,0.00019867750037467642
AP2DC_433,0.000517287445391973,-8.24481911332331e-06,0.00011477140498696217
AP2DC_8,0.0005155849445710126,-0.0001656951474474422,0.0002109299809143078
AP2DC_292,0.0005118838620789812,5.0081042551963774e-05,0.00010286247670845662
AP2DC_197,0.0005046895097676579,-1.0144085387731038e-05,0.00022633326735974676
AP2DC_649,0.0005038430402324278,-6.802693934024884e-05,8.874013016391116e-05
AP2DC_626,0.000499144624405027,1.2767151284809319e-05,0.00016003268213986426
AP2DC_114,0.0004960262330269901,9.741528581385106e-05,0.00013453768272451218
AP2DC_416,0.0004943552883750446,1.8930138998418668e-05,0.00014003735445291412
AP2DC_308,0.0004941029555107601,5.9763509819943386e-05,0.00010427175988955555
AP2DC_304,0.0004924452776265368,0.00017888884374931414,6.857287696437264e-05
AP2DC_353,0.0004909320601592887,0.0001837861738756219,0.00013385152426388007
AP2DC_270,0.0004880856146415749,0.00018992132250381655,0.0001316362695581397
AP2DC_740,0.00048257089984461086,0.0004161335652711262,0.00011697526491206018
AP2DC_442,0.00047990902667629094,0.00022243462158794136,0.00012064256393726883
AP2DC_420,0.00046593212815916883,7.318070553911094e-05,0.00018851611149870953
AP2DC_366,0.00046046836929683623,8.800023814025116e-05,0.00011526390228862546
AP2DC_779,0.00045791316176364583,-3.3960371157937264e-05,8.456930866160635e-05
AP2DC_415,0.00045570906708654427,4.646744968566097e-05,4.267928957768088e-05
AP2DC_166,0.00044837001935065353,7.189670194703845e-05,0.00010142037005694838
AP2DC_357,0.0004440785528333288,5.971423883655014e-06,0.0001420544118609721
AP2DC_260,0.0004436961816017866,-4.63870293415658e-05,9.794450727585244e-05
AP2DC_644,0.0004376201776947437,3.1423835448662894e-05,0.00014789291606649382
AP2DC_272,0.0004357822292430144,0.000113498147616109,5.9120368144681525e-05
AP2DC_102,0.00043434241627399693,1.4256832785419782e-05,0.00010339894832000701
AP2DC_358,0.00041367130989774674,-5.695926909582427e-05,8.34053175117042e-05
AP2DC_47,0.0004116934616696943,-6.875636226170157e-05,9.171753418283843e-05
AP2DC_480,0.00041164280187749424,0.00010275447391493442,0.0001465792281831193
AP2DC_115,0.0004067785655356304,-2.096156119345549e-05,7.448906902765284e-05
AP2DC_57,0.00040096751639982087,0.0002340112228661262,9.690522133870064e-05
AP2DC_288,0.0003884529898549202,1.744711191109527e-06,6.634384067827282e-05
AP2DC_372,0.00038515045965914154,-2.4766154872812864e-05,0.00010817434130878933
AP2DC_22,0.00038491104901779394,1.615835374978447e-05,0.00014716014550301694
AP2DC_449,0.0003619931409700066,-0.0002260916539580604,9.255812451979601e-05
AP2DC_17,0.00035701524865256964,-0.00014440219607162464,5.2924961111791184e-05
AP2DC_601,0.00035118019712072115,4.627377111576792e-06,4.557445115718213e-05
AP2DC_144,0.00035002897625157194,-0.00030409028956622785,9.051368236560099e-05
AP2DC_533,0.0003489955666870311,5.068599534648888e-05,7.187367807691747e-05
AP2DC_738,0.00034828466608127025,-1.1150536429671565e-05,0.0001379718682030029
AP2DC_741,0.0003434328368682769,6.629653103402688e-05,3.966212432644735e-05
AP2DC_65,0.0003427930843101809,-0.00010628751572121509,9.127509720480278e-05
AP2DC_93,0.0003327013880419819,5.251524680240927e-05,0.00011091312886706878
AP2DC_241,0.00032743669811862315,-8.82950103622715e-05,7.505060814150701e-05
AP2DC_508,0.00032272119445274567,0.00019857707261248248,0.0001269271981147008
AP2DC_300,0.0003220536571021229,0.0009566666087626908,0.00030354001647864547
AP2DC_623,0.000317934588214356,2.829349238576695e-05,6.42318315540351e-05
AP2DC_499,0.00030207702430831533,8.010736351166114e-05,9.052041592666574e-05
AP2DC_91,0.0003013642729983135,4.614972390797334e-05,0.00012936383867305287
AP2DC_485,0.0002997547564600309,1.3265635143921984e-06,8.297114119004696e-05
AP2DC_379,0.00029549318515197223,0.00022090301491768384,6.142527948669181e-05
AP2DC_434,0.00029200092834490214,-2.2900079858390045e-06,6.708649647835303e-05
AP2DC_727,0.0002903016843464284,0.0002687018339482039,0.00011341835459162748
AP2DC_255,0.0002833407813552671,-1.2595694535411095e-05,9.156766242862027e-05
AP2DC_309,0.00027738101763048783,3.218719466647757e-05,7.68045425604125e-05
AP2DC_286,0.00025418785912950355,-8.933728446514078e-05,4.1675912195809546e-05
AP2DC_196,0.00024381751664732585,1.6123925010680386e-05,9.894037369005862e-05
AP2DC_468,0.0002415379021355749,-4.1075714750649084e-05,3.940938101202387e-05
AP2DC_369,0.00023607241021534293,-7.830244934947661e-06,0.00012357879529019365
AP2DC_204,0.0002331298651469882,8.581874124622413e-05,7.954673167335585e-05
AP2DC_489,0.00022889758150572399,-8.699184768816704e-05,5.68913229238002e-05
AP2DC_406,0.0002178909852389607,3.823234253342855e-05,5.848963527718653e-05
AP2DC_126,0.00020364191081718454,2.502297532956943e-05,5.03424668479071e-05
AP2DC_361,0.00020019612662832228,3.2420555385725966e-05,2.3371220811070224e-05
AP2DC_110,0.00019576822776698051,-0.00010152701669509101,7.191365618824437e-05
AP2DC_686,0.0001920689941719567,-0.0001530454211208343,6.0099770930536614e-05
AP2DC_139,0.0001908809119746733,9.485973103892097e-05,7.633303688367614e-05
AP2DC_419,0.00018446810430695082,2.8416661691788025e-05,5.269061079091563e-05
AP2DC_491,0.0001699225970949338,-2.658703532275597e-05,7.31798185630718e-05
AP2DC_378,0.0001635673615552375,-7.328262250142493e-05,3.6974750313749156e-05
AP2DC_484,0.00016208738945293086,-1.7244821502426787e-05,5.094814895809955e-05
AP2DC_245,0.0001482189010814363,5.3759185997148686e-06,5.9622712834910795e-05
AP2DC_398,0.00013918769766820902,2.1480742760515702e-05,2.6919627984990402e-05
AP2DC_562,0.00013574104812596417,1.3087689351110044e-05,2.0308279868930717e-05
AP2DC_662,0.0001239888212060907,1.1402070184818313e-05,1.8791104652749276e-05
AP2DC_421,9.681164344531726e-05,-5.606345005193525e-05,3.432500813498895e-05
